2026-05-29 17:46:42.045: [INFO][Sync] Reset engine, reason: 8
2026-05-29 17:46:42.046: [INFO][Sync] Stopped: Bookmarks
2026-05-29 17:46:42.046: [INFO][Sync] Stopped: Preferences
2026-05-29 17:46:42.046: [INFO][Sync] Stopped: Passwords
2026-05-29 17:46:42.046: [INFO][Sync] Stopped: Autofill Profiles
2026-05-29 17:46:42.046: [INFO][Sync] Stopped: Autofill
2026-05-29 17:46:42.046: [INFO][Sync] Stopped: Extensions
2026-05-29 17:46:42.046: [INFO][Sync] Stopped: Sessions
2026-05-29 17:46:42.046: [INFO][Sync] Stopped: Extension settings
2026-05-29 17:46:42.046: [INFO][Sync] Stopped: History Delete Directives
2026-05-29 17:46:42.046: [INFO][Sync] Stopped: Device Info
2026-05-29 17:46:42.046: [INFO][Sync] Stopped: User Consents
2026-05-29 17:46:42.046: [INFO][Sync] Stopped: Send Tab To Self
2026-05-29 17:46:42.046: [INFO][Sync] Stopped: Web Apps
2026-05-29 17:46:42.046: [INFO][Sync] Stopped: History
2026-05-29 17:46:42.046: [INFO][Sync] Stopped: Saved Tab Group
2026-05-29 17:46:42.046: [INFO][Sync] Stopped: WebAuthn Credentials
2026-05-29 17:46:42.046: [INFO][Sync] Stopped: Collection
2026-05-29 17:46:42.046: [INFO][Sync] Stopped: Edge E Drop
2026-05-29 17:46:42.046: [INFO][Sync] Stopped: Edge Hub App Usage
2026-05-29 17:46:42.046: [INFO][Sync] Stopped: Edge Journey
2026-05-29 17:46:42.046: [INFO][Sync] Stopped: Edge Wallet
2026-05-29 17:46:42.046: [INFO][Sync] Stopped: Edge Workspace
2026-05-29 17:46:42.046: [INFO][Sync] SyncState after authenticated was: NotSignedIn
2026-05-29 17:46:42.224: [INFO][Sync] Reset engine, reason: 8
2026-05-29 17:46:42.224: [INFO][Sync] Stopped: Bookmarks
2026-05-29 17:46:42.224: [INFO][Sync] Stopped: Preferences
2026-05-29 17:46:42.224: [INFO][Sync] Stopped: Passwords
2026-05-29 17:46:42.224: [INFO][Sync] Stopped: Autofill Profiles
2026-05-29 17:46:42.224: [INFO][Sync] Stopped: Autofill
2026-05-29 17:46:42.224: [INFO][Sync] Stopped: Extensions
2026-05-29 17:46:42.224: [INFO][Sync] Stopped: Sessions
2026-05-29 17:46:42.224: [INFO][Sync] Stopped: Extension settings
2026-05-29 17:46:42.224: [INFO][Sync] Stopped: History Delete Directives
2026-05-29 17:46:42.224: [INFO][Sync] Stopped: Device Info
2026-05-29 17:46:42.224: [INFO][Sync] Stopped: User Consents
2026-05-29 17:46:42.224: [INFO][Sync] Stopped: Send Tab To Self
2026-05-29 17:46:42.224: [INFO][Sync] Stopped: Web Apps
2026-05-29 17:46:42.224: [INFO][Sync] Stopped: History
2026-05-29 17:46:42.224: [INFO][Sync] Stopped: Saved Tab Group
2026-05-29 17:46:42.224: [INFO][Sync] Stopped: WebAuthn Credentials
2026-05-29 17:46:42.224: [INFO][Sync] Stopped: Collection
2026-05-29 17:46:42.224: [INFO][Sync] Stopped: Edge E Drop
2026-05-29 17:46:42.224: [INFO][Sync] Stopped: Edge Hub App Usage
2026-05-29 17:46:42.224: [INFO][Sync] Stopped: Edge Journey
2026-05-29 17:46:42.224: [INFO][Sync] Stopped: Edge Wallet
2026-05-29 17:46:42.224: [INFO][Sync] Stopped: Edge Workspace
2026-05-29 17:46:43.630: [INFO][Sync] Try to start sync engine
2026-05-29 17:46:43.631: [INFO][SyncManagerImpl::NudgeForInitialDownload] Initial download nudge for Encryption Keys
2026-05-29 17:46:43.631: [INFO][SyncEngineBackend::LoadAndConnectNigoriController] Load and connect Nigori controller
2026-05-29 17:46:43.631: [INFO][SyncEngineBackend::DoInitialize] Control Types added: Encryption Keys
2026-05-29 17:46:43.631: [INFO][SyncManagerImpl::ConfigureSyncer] Types to download: Encryption Keys with reason: 3
2026-05-29 17:46:43.631: [INFO][SyncSchedulerImpl::DoConfigurationSyncCycleJob] Configure job was blocked
2026-05-29 17:46:43.662: [INFO][SyncAuthManager::SetLastAuthError] Current auth error: None
2026-05-29 17:46:43.662: [INFO][SyncAuthManager::EdgeLogTokenErrorState] Token error with: None for account type: MSA
2026-05-29 17:46:43.662: [INFO][Sync] Credentials changed for: EdgeSyncScopeNew
2026-05-29 17:46:44.231: [INFO][SyncAuthManager::SetLastAuthError] Current auth error: None
2026-05-29 17:46:44.231: [INFO][SyncAuthManager::EdgeLogTokenErrorState] Token error with: None for account type: MSA
2026-05-29 17:46:44.231: [INFO][Sync] Credentials changed for: EdgeSyncKeyDataScope
2026-05-29 17:46:44.231: [INFO][SyncEngineBackend::DoUpdateKeyDataCredentials] Update key data credentials
2026-05-29 17:46:44.231: [INFO][SyncEngineBackend::DoUpdateCredentials] Update credentials
2026-05-29 17:46:44.231: [INFO][SyncSchedulerImpl::DoConfigurationSyncCycleJob] Blocked types:  and types to download: Encryption Keys
2026-05-29 17:46:44.507: [INFO][Sync] Started DataTypeManager configuration, reason: 4
2026-05-29 17:46:44.507: [INFO][Sync] Configuring for: Bookmarks, Preferences, Passwords, Autofill Profiles, Autofill, Extensions, Sessions, Extension settings, History Delete Directives, Device Info, User Consents, Send Tab To Self, Web Apps, History, Saved Tab Group, WebAuthn Credentials, Collection, Edge E Drop, Edge Hub App Usage, Edge Wallet, Edge Workspace, Encryption Keys, reason: 3, current state: 0
2026-05-29 17:46:44.507: [WARN][Sync] Crypto error data types: Passwords, Autofill Profiles, Autofill
2026-05-29 17:46:44.509: [INFO][Sync] Configure, desired: Bookmarks, Preferences, Extensions, Sessions, Extension settings, History Delete Directives, Device Info, User Consents, Send Tab To Self, Web Apps, History, Saved Tab Group, WebAuthn Credentials, Collection, Edge E Drop, Edge Hub App Usage, Edge Wallet, Edge Workspace, Encryption Keys; Allow fail: Passwords, Autofill Profiles, Autofill
2026-05-29 17:46:44.509: [INFO][Sync] Loading: Bookmarks
2026-05-29 17:46:44.509: [INFO][Sync] Loading: Preferences
2026-05-29 17:46:44.509: [INFO][Sync] Loading: Extensions
2026-05-29 17:46:44.509: [INFO][Sync] Loading: Sessions
2026-05-29 17:46:44.509: [INFO][Sync] Loading: Extension settings
2026-05-29 17:46:44.509: [INFO][Sync] Loading: History Delete Directives
2026-05-29 17:46:44.509: [INFO][Sync] Loading: Device Info
2026-05-29 17:46:44.510: [INFO][Sync] Loading: User Consents
2026-05-29 17:46:44.510: [INFO][Sync] Loading: Send Tab To Self
2026-05-29 17:46:44.510: [INFO][Sync] Loading: Web Apps
2026-05-29 17:46:44.510: [INFO][Sync] Loading: History
2026-05-29 17:46:44.510: [INFO][Sync] Loading: Saved Tab Group
2026-05-29 17:46:44.510: [INFO][Sync] Loading: WebAuthn Credentials
2026-05-29 17:46:44.510: [INFO][Sync] Loading: Collection
2026-05-29 17:46:44.510: [INFO][Sync] Loading: Edge E Drop
2026-05-29 17:46:44.510: [INFO][Sync] Loading: Edge Hub App Usage
2026-05-29 17:46:44.510: [INFO][Sync] Loading: Edge Wallet
2026-05-29 17:46:44.510: [INFO][Sync] Loading: Edge Workspace
2026-05-29 17:46:44.517: [INFO][Sync] All data types are ready for configure.
2026-05-29 17:46:45.076: [INFO][Sync] Started DataTypeManager configuration, reason: 5
2026-05-29 17:46:45.076: [INFO][Sync] Configuring for: Bookmarks, Preferences, Passwords, Autofill Profiles, Autofill, Extensions, Sessions, Extension settings, History Delete Directives, Device Info, User Consents, Send Tab To Self, Web Apps, History, Saved Tab Group, WebAuthn Credentials, Collection, Edge E Drop, Edge Hub App Usage, Edge Wallet, Edge Workspace, Encryption Keys, reason: 5, current state: 1
2026-05-29 17:46:45.081: [INFO][SyncEngineBackend::DoStartConfiguration] Start configuration
2026-05-29 17:46:45.081: [INFO][SyncManagerImpl::NudgeForInitialDownload] Initial download nudge for Bookmarks
2026-05-29 17:46:45.082: [INFO][SyncManagerImpl::NudgeForInitialDownload] Initial download nudge for Preferences
2026-05-29 17:46:45.082: [INFO][SyncManagerImpl::NudgeForInitialDownload] Initial download nudge for Extensions
2026-05-29 17:46:45.082: [INFO][SyncManagerImpl::NudgeForInitialDownload] Initial download nudge for Sessions
2026-05-29 17:46:45.082: [INFO][SyncManagerImpl::NudgeForInitialDownload] Initial download nudge for Extension settings
2026-05-29 17:46:45.082: [INFO][SyncManagerImpl::NudgeForInitialDownload] Initial download nudge for History Delete Directives
2026-05-29 17:46:45.082: [INFO][SyncManagerImpl::NudgeForInitialDownload] Initial download nudge for Device Info
2026-05-29 17:46:45.082: [INFO][SyncManagerImpl::NudgeForInitialDownload] Initial download nudge for Send Tab To Self
2026-05-29 17:46:45.082: [INFO][SyncManagerImpl::NudgeForInitialDownload] Initial download nudge for Web Apps
2026-05-29 17:46:45.082: [INFO][SyncManagerImpl::NudgeForInitialDownload] Initial download nudge for History
2026-05-29 17:46:45.082: [INFO][SyncManagerImpl::NudgeForInitialDownload] Initial download nudge for Saved Tab Group
2026-05-29 17:46:45.082: [INFO][SyncManagerImpl::NudgeForInitialDownload] Initial download nudge for WebAuthn Credentials
2026-05-29 17:46:45.082: [INFO][SyncManagerImpl::NudgeForInitialDownload] Initial download nudge for Collection
2026-05-29 17:46:45.082: [INFO][SyncManagerImpl::NudgeForInitialDownload] Initial download nudge for Edge E Drop
2026-05-29 17:46:45.082: [INFO][SyncManagerImpl::NudgeForInitialDownload] Initial download nudge for Edge Hub App Usage
2026-05-29 17:46:45.082: [INFO][SyncManagerImpl::NudgeForInitialDownload] Initial download nudge for Edge Wallet
2026-05-29 17:46:45.082: [INFO][SyncManagerImpl::NudgeForInitialDownload] Initial download nudge for Edge Workspace
2026-05-29 17:46:45.082: [INFO][SyncManagerImpl::ConfigureSyncer] Types to download:  with reason: 3
2026-05-29 17:46:45.082: [INFO][SyncEngineBackend::DoFinishConfigureDataTypes] Failed to download types:  and succeeded types: 
2026-05-29 17:46:45.085: [INFO][Sync] ConfigurationDone, failed: , succeeded: , remaining count: 4
2026-05-29 17:46:45.085: [WARN][Sync]     Reconfigure requested while configuration ongoing.
2026-05-29 17:46:45.085: [INFO][Sync] Configuring for: Bookmarks, Preferences, Passwords, Autofill Profiles, Autofill, Extensions, Sessions, Extension settings, History Delete Directives, Device Info, User Consents, Send Tab To Self, Web Apps, History, Saved Tab Group, WebAuthn Credentials, Collection, Edge E Drop, Edge Hub App Usage, Edge Wallet, Edge Workspace, Encryption Keys, reason: 5, current state: 2
2026-05-29 17:46:45.085: [INFO][Sync] Configure, desired: Bookmarks, Preferences, Passwords, Autofill Profiles, Autofill, Extensions, Sessions, Extension settings, History Delete Directives, Device Info, User Consents, Send Tab To Self, Web Apps, History, Saved Tab Group, WebAuthn Credentials, Collection, Edge E Drop, Edge Hub App Usage, Edge Wallet, Edge Workspace, Encryption Keys; Allow fail: 
2026-05-29 17:46:45.085: [INFO][Sync] Loading: Passwords
2026-05-29 17:46:45.085: [INFO][Sync] Loading: Autofill Profiles
2026-05-29 17:46:45.085: [INFO][Sync] Loading: Autofill
2026-05-29 17:46:45.086: [INFO][Sync] All data types are ready for configure.
2026-05-29 17:46:45.086: [INFO][SyncManagerImpl::NudgeForInitialDownload] Initial download nudge for Passwords
2026-05-29 17:46:45.086: [INFO][SyncManagerImpl::NudgeForInitialDownload] Initial download nudge for Autofill Profiles
2026-05-29 17:46:45.086: [INFO][SyncManagerImpl::NudgeForInitialDownload] Initial download nudge for Autofill
2026-05-29 17:46:45.086: [INFO][SyncManagerImpl::ConfigureSyncer] Types to download:  with reason: 5
2026-05-29 17:46:45.086: [INFO][SyncEngineBackend::DoFinishConfigureDataTypes] Failed to download types:  and succeeded types: 
2026-05-29 17:46:45.086: [INFO][Sync] ConfigurationDone, failed: , succeeded: , remaining count: 4
2026-05-29 17:46:45.086: [INFO][Sync] Prepare to configure types: Preferences, Passwords, Device Info, Send Tab To Self, Edge E Drop, Encryption Keys
2026-05-29 17:46:45.086: [INFO][SyncManagerImpl::ConfigureSyncer] Types to download: Preferences, Passwords, Device Info, Send Tab To Self, Edge E Drop, Encryption Keys with reason: 5
2026-05-29 17:46:45.086: [INFO][SyncSchedulerImpl::DoConfigurationSyncCycleJob] Blocked types:  and types to download: Preferences, Passwords, Device Info, Send Tab To Self, Edge E Drop, Encryption Keys
2026-05-29 17:46:45.303: [INFO][SyncEngineBackend::DoFinishConfigureDataTypes] Failed to download types:  and succeeded types: Preferences, Passwords, Device Info, Send Tab To Self, Edge E Drop, Encryption Keys
2026-05-29 17:46:45.310: [INFO][Sync] ConfigurationDone, failed: , succeeded: Preferences, Passwords, Device Info, Send Tab To Self, Edge E Drop, Encryption Keys, remaining count: 3
2026-05-29 17:46:45.310: [INFO][Sync] Prepare to configure types: Bookmarks, Encryption Keys
2026-05-29 17:46:45.310: [INFO][SyncManagerImpl::ConfigureSyncer] Types to download: Bookmarks, Encryption Keys with reason: 5
2026-05-29 17:46:45.310: [INFO][SyncSchedulerImpl::DoConfigurationSyncCycleJob] Blocked types:  and types to download: Bookmarks, Encryption Keys
2026-05-29 17:46:45.422: [INFO][SyncEngineBackend::DoFinishConfigureDataTypes] Failed to download types:  and succeeded types: Bookmarks, Encryption Keys
2026-05-29 17:46:45.424: [INFO][Sync] ConfigurationDone, failed: , succeeded: Bookmarks, Encryption Keys, remaining count: 2
2026-05-29 17:46:45.424: [INFO][Sync] Prepare to configure types: Autofill Profiles, Autofill, Extensions, Sessions, Extension settings, History Delete Directives, Web Apps, Saved Tab Group, WebAuthn Credentials, Collection, Edge Hub App Usage, Edge Wallet, Edge Workspace, Encryption Keys
2026-05-29 17:46:45.424: [INFO][SyncManagerImpl::ConfigureSyncer] Types to download: Autofill Profiles, Autofill, Extensions, Sessions, Extension settings, History Delete Directives, Web Apps, Saved Tab Group, WebAuthn Credentials, Collection, Edge Hub App Usage, Edge Wallet, Edge Workspace, Encryption Keys with reason: 5
2026-05-29 17:46:45.425: [INFO][SyncSchedulerImpl::DoConfigurationSyncCycleJob] Blocked types:  and types to download: Autofill Profiles, Autofill, Extensions, Sessions, Extension settings, History Delete Directives, Web Apps, Saved Tab Group, WebAuthn Credentials, Collection, Edge Hub App Usage, Edge Wallet, Edge Workspace, Encryption Keys
2026-05-29 17:46:45.633: [INFO][SyncEngineBackend::DoFinishConfigureDataTypes] Failed to download types:  and succeeded types: Autofill Profiles, Autofill, Extensions, Sessions, Extension settings, History Delete Directives, Web Apps, Saved Tab Group, WebAuthn Credentials, Collection, Edge Hub App Usage, Edge Wallet, Edge Workspace, Encryption Keys
2026-05-29 17:46:45.637: [INFO][Sync] ConfigurationDone, failed: , succeeded: Autofill Profiles, Autofill, Extensions, Sessions, Extension settings, History Delete Directives, Web Apps, Saved Tab Group, WebAuthn Credentials, Collection, Edge Hub App Usage, Edge Wallet, Edge Workspace, Encryption Keys, remaining count: 1
2026-05-29 17:46:45.640: [INFO][Sync] Prepare to configure types: History, Encryption Keys
2026-05-29 17:46:45.640: [INFO][SyncManagerImpl::ConfigureSyncer] Types to download: History, Encryption Keys with reason: 5
2026-05-29 17:46:45.640: [INFO][SyncSchedulerImpl::DoConfigurationSyncCycleJob] Blocked types:  and types to download: History, Encryption Keys
2026-05-29 17:46:45.794: [INFO][SyncEngineBackend::DoFinishConfigureDataTypes] Failed to download types:  and succeeded types: History, Encryption Keys
2026-05-29 17:46:45.797: [INFO][Sync] ConfigurationDone, failed: , succeeded: History, Encryption Keys, remaining count: 0
2026-05-29 17:46:45.799: [INFO][Sync]     Configuration completed, state: 7
2026-05-29 17:46:45.800: [INFO][Sync] Configured DataTypeManager: Ok
2026-05-29 17:46:45.804: [INFO][SyncEngineBackend::DoStartSyncing] Start syncing
2026-05-29 17:49:34.317: [INFO][Sync] Reset engine, reason: 0
2026-05-29 17:49:34.317: [INFO][Sync] Reset engine with reason: 0
2026-05-29 17:50:07.680: [INFO][Sync] SyncState after authenticated was: FeatureCanStart
2026-05-29 17:50:07.946: [INFO][SyncAuthManager::SetLastAuthError] Current auth error: None
2026-05-29 17:50:07.946: [INFO][SyncAuthManager::EdgeLogTokenErrorState] Token error with: None for account type: MSA
2026-05-29 17:50:07.947: [INFO][Sync] Credentials changed for: EdgeSyncKeyDataScope
2026-05-29 17:50:13.586: [INFO][Sync] Try to start sync engine
2026-05-29 17:50:13.587: [INFO][SyncManagerImpl::NudgeForInitialDownload] Initial download nudge for Encryption Keys
2026-05-29 17:50:13.587: [INFO][SyncEngineBackend::LoadAndConnectNigoriController] Load and connect Nigori controller
2026-05-29 17:50:13.587: [INFO][SyncEngineBackend::DoInitialize] Control Types added: Encryption Keys
2026-05-29 17:50:13.587: [INFO][SyncManagerImpl::ConfigureSyncer] Types to download: Encryption Keys with reason: 3
2026-05-29 17:50:13.587: [INFO][SyncEngineBackend::DoUpdateKeyDataCredentials] Update key data credentials
2026-05-29 17:50:13.587: [INFO][SyncSchedulerImpl::DoConfigurationSyncCycleJob] Configure job was blocked
2026-05-29 17:50:13.592: [INFO][SyncAuthManager::SetLastAuthError] Current auth error: None
2026-05-29 17:50:13.592: [INFO][SyncAuthManager::EdgeLogTokenErrorState] Token error with: None for account type: MSA
2026-05-29 17:50:13.592: [INFO][Sync] Credentials changed for: EdgeSyncScopeNew
2026-05-29 17:50:13.592: [INFO][SyncEngineBackend::DoUpdateCredentials] Update credentials
2026-05-29 17:50:13.592: [INFO][SyncEngineBackend::DoUpdateKeyDataCredentials] Update key data credentials
2026-05-29 17:50:13.592: [INFO][SyncSchedulerImpl::DoConfigurationSyncCycleJob] Blocked types:  and types to download: Encryption Keys
2026-05-29 17:50:13.714: [INFO][Sync] Started DataTypeManager configuration, reason: 4
2026-05-29 17:50:13.714: [INFO][Sync] Configuring for: Bookmarks, Preferences, Passwords, Autofill Profiles, Autofill, Extensions, Sessions, Extension settings, History Delete Directives, Device Info, User Consents, Send Tab To Self, Web Apps, History, Saved Tab Group, WebAuthn Credentials, Collection, Edge E Drop, Edge Hub App Usage, Edge Wallet, Edge Workspace, Encryption Keys, reason: 4, current state: 0
2026-05-29 17:50:13.714: [WARN][Sync] Crypto error data types: Passwords, Autofill Profiles, Autofill
2026-05-29 17:50:13.717: [INFO][Sync] Configure, desired: Bookmarks, Preferences, Extensions, Sessions, Extension settings, History Delete Directives, Device Info, User Consents, Send Tab To Self, Web Apps, History, Saved Tab Group, WebAuthn Credentials, Collection, Edge E Drop, Edge Hub App Usage, Edge Wallet, Edge Workspace, Encryption Keys; Allow fail: Passwords, Autofill Profiles, Autofill
2026-05-29 17:50:13.717: [INFO][Sync] Loading: Bookmarks
2026-05-29 17:50:13.717: [INFO][Sync] Loading: Preferences
2026-05-29 17:50:13.717: [INFO][Sync] Loading: Extensions
2026-05-29 17:50:13.717: [INFO][Sync] Loading: Sessions
2026-05-29 17:50:13.717: [INFO][Sync] Loading: Extension settings
2026-05-29 17:50:13.717: [INFO][Sync] Loading: History Delete Directives
2026-05-29 17:50:13.717: [INFO][Sync] Loading: Device Info
2026-05-29 17:50:13.717: [INFO][Sync] Loading: User Consents
2026-05-29 17:50:13.717: [INFO][Sync] Loading: Send Tab To Self
2026-05-29 17:50:13.717: [INFO][Sync] Loading: Web Apps
2026-05-29 17:50:13.717: [INFO][Sync] Loading: History
2026-05-29 17:50:13.717: [INFO][Sync] Loading: Saved Tab Group
2026-05-29 17:50:13.717: [INFO][Sync] Loading: WebAuthn Credentials
2026-05-29 17:50:13.717: [INFO][Sync] Loading: Collection
2026-05-29 17:50:13.717: [INFO][Sync] Loading: Edge E Drop
2026-05-29 17:50:13.717: [INFO][Sync] Loading: Edge Hub App Usage
2026-05-29 17:50:13.717: [INFO][Sync] Loading: Edge Wallet
2026-05-29 17:50:13.717: [INFO][Sync] Loading: Edge Workspace
2026-05-29 17:50:13.723: [INFO][Sync] All data types are ready for configure.
2026-05-29 17:50:14.284: [INFO][Sync] Started DataTypeManager configuration, reason: 5
2026-05-29 17:50:14.284: [INFO][Sync] Configuring for: Bookmarks, Preferences, Passwords, Autofill Profiles, Autofill, Extensions, Sessions, Extension settings, History Delete Directives, Device Info, User Consents, Send Tab To Self, Web Apps, History, Saved Tab Group, WebAuthn Credentials, Collection, Edge E Drop, Edge Hub App Usage, Edge Wallet, Edge Workspace, Encryption Keys, reason: 5, current state: 1
2026-05-29 17:50:14.289: [INFO][SyncEngineBackend::DoStartConfiguration] Start configuration
2026-05-29 17:50:14.289: [INFO][SyncManagerImpl::ConfigureSyncer] Types to download:  with reason: 4
2026-05-29 17:50:14.289: [INFO][SyncEngineBackend::DoFinishConfigureDataTypes] Failed to download types:  and succeeded types: 
2026-05-29 17:50:14.289: [INFO][Sync] ConfigurationDone, failed: , succeeded: , remaining count: 4
2026-05-29 17:50:14.289: [WARN][Sync]     Reconfigure requested while configuration ongoing.
2026-05-29 17:50:14.289: [INFO][Sync] Configuring for: Bookmarks, Preferences, Passwords, Autofill Profiles, Autofill, Extensions, Sessions, Extension settings, History Delete Directives, Device Info, User Consents, Send Tab To Self, Web Apps, History, Saved Tab Group, WebAuthn Credentials, Collection, Edge E Drop, Edge Hub App Usage, Edge Wallet, Edge Workspace, Encryption Keys, reason: 5, current state: 2
2026-05-29 17:50:14.289: [INFO][Sync] Configure, desired: Bookmarks, Preferences, Passwords, Autofill Profiles, Autofill, Extensions, Sessions, Extension settings, History Delete Directives, Device Info, User Consents, Send Tab To Self, Web Apps, History, Saved Tab Group, WebAuthn Credentials, Collection, Edge E Drop, Edge Hub App Usage, Edge Wallet, Edge Workspace, Encryption Keys; Allow fail: 
2026-05-29 17:50:14.289: [INFO][Sync] Loading: Passwords
2026-05-29 17:50:14.289: [INFO][Sync] Loading: Autofill Profiles
2026-05-29 17:50:14.289: [INFO][Sync] Loading: Autofill
2026-05-29 17:50:14.289: [INFO][Sync] All data types are ready for configure.
2026-05-29 17:50:14.289: [INFO][SyncManagerImpl::NudgeForInitialDownload] Initial download nudge for Passwords
2026-05-29 17:50:14.289: [INFO][SyncManagerImpl::ConfigureSyncer] Types to download:  with reason: 5
2026-05-29 17:50:14.289: [INFO][SyncEngineBackend::DoFinishConfigureDataTypes] Failed to download types:  and succeeded types: 
2026-05-29 17:50:14.289: [INFO][Sync] ConfigurationDone, failed: , succeeded: , remaining count: 4
2026-05-29 17:50:14.289: [INFO][Sync] Prepare to configure types: Passwords, Encryption Keys
2026-05-29 17:50:14.289: [INFO][SyncManagerImpl::ConfigureSyncer] Types to download: Passwords, Encryption Keys with reason: 5
2026-05-29 17:50:14.289: [INFO][SyncSchedulerImpl::DoConfigurationSyncCycleJob] Blocked types:  and types to download: Passwords, Encryption Keys
2026-05-29 17:50:14.422: [INFO][SyncEngineBackend::DoFinishConfigureDataTypes] Failed to download types:  and succeeded types: Passwords, Encryption Keys
2026-05-29 17:50:14.425: [INFO][Sync] ConfigurationDone, failed: , succeeded: Passwords, Encryption Keys, remaining count: 3
2026-05-29 17:50:14.425: [INFO][SyncManagerImpl::ConfigureSyncer] Types to download:  with reason: 5
2026-05-29 17:50:14.425: [INFO][SyncEngineBackend::DoFinishConfigureDataTypes] Failed to download types:  and succeeded types: 
2026-05-29 17:50:14.425: [INFO][Sync] ConfigurationDone, failed: , succeeded: , remaining count: 2
2026-05-29 17:50:14.425: [INFO][SyncManagerImpl::ConfigureSyncer] Types to download:  with reason: 5
2026-05-29 17:50:14.425: [INFO][SyncEngineBackend::DoFinishConfigureDataTypes] Failed to download types:  and succeeded types: 
2026-05-29 17:50:14.425: [INFO][Sync] ConfigurationDone, failed: , succeeded: , remaining count: 1
2026-05-29 17:50:14.427: [INFO][SyncManagerImpl::ConfigureSyncer] Types to download:  with reason: 5
2026-05-29 17:50:14.427: [INFO][SyncEngineBackend::DoFinishConfigureDataTypes] Failed to download types:  and succeeded types: 
2026-05-29 17:50:14.430: [INFO][Sync] ConfigurationDone, failed: , succeeded: , remaining count: 0
2026-05-29 17:50:14.433: [INFO][Sync]     Configuration completed, state: 7
2026-05-29 17:50:14.433: [INFO][Sync] Configured DataTypeManager: Ok
2026-05-29 17:50:14.436: [INFO][SyncEngineBackend::DoStartSyncing] Start syncing
2026-05-29 18:05:09.351: [INFO][Sync] Reset engine, reason: 0
2026-05-29 18:05:09.351: [INFO][Sync] Reset engine with reason: 0
2026-05-29 18:05:35.597: [INFO][Sync] Reset engine, reason: 8
2026-05-29 18:05:35.597: [INFO][Sync] Stopped: Bookmarks
2026-05-29 18:05:35.597: [INFO][Sync] Stopped: Preferences
2026-05-29 18:05:35.597: [INFO][Sync] Stopped: Passwords
2026-05-29 18:05:35.597: [INFO][Sync] Stopped: Autofill Profiles
2026-05-29 18:05:35.597: [INFO][Sync] Stopped: Autofill
2026-05-29 18:05:35.597: [INFO][Sync] Stopped: Extensions
2026-05-29 18:05:35.597: [INFO][Sync] Stopped: Sessions
2026-05-29 18:05:35.597: [INFO][Sync] Stopped: Extension settings
2026-05-29 18:05:35.597: [INFO][Sync] Stopped: History Delete Directives
2026-05-29 18:05:35.597: [INFO][Sync] Stopped: Device Info
2026-05-29 18:05:35.597: [INFO][Sync] Stopped: User Consents
2026-05-29 18:05:35.597: [INFO][Sync] Stopped: Send Tab To Self
2026-05-29 18:05:35.597: [INFO][Sync] Stopped: Web Apps
2026-05-29 18:05:35.597: [INFO][Sync] Stopped: History
2026-05-29 18:05:35.597: [INFO][Sync] Stopped: Saved Tab Group
2026-05-29 18:05:35.597: [INFO][Sync] Stopped: WebAuthn Credentials
2026-05-29 18:05:35.597: [INFO][Sync] Stopped: Collection
2026-05-29 18:05:35.597: [INFO][Sync] Stopped: Edge E Drop
2026-05-29 18:05:35.597: [INFO][Sync] Stopped: Edge Hub App Usage
2026-05-29 18:05:35.597: [INFO][Sync] Stopped: Edge Journey
2026-05-29 18:05:35.597: [INFO][Sync] Stopped: Edge Wallet
2026-05-29 18:05:35.597: [INFO][Sync] Stopped: Edge Workspace
2026-05-29 18:05:35.597: [INFO][Sync] SyncState after authenticated was: NotSignedIn
2026-05-29 18:05:35.750: [INFO][Sync] Reset engine, reason: 8
2026-05-29 18:05:35.750: [INFO][Sync] Stopped: Bookmarks
2026-05-29 18:05:35.750: [INFO][Sync] Stopped: Preferences
2026-05-29 18:05:35.750: [INFO][Sync] Stopped: Passwords
2026-05-29 18:05:35.750: [INFO][Sync] Stopped: Autofill Profiles
2026-05-29 18:05:35.750: [INFO][Sync] Stopped: Autofill
2026-05-29 18:05:35.750: [INFO][Sync] Stopped: Extensions
2026-05-29 18:05:35.750: [INFO][Sync] Stopped: Sessions
2026-05-29 18:05:35.750: [INFO][Sync] Stopped: Extension settings
2026-05-29 18:05:35.750: [INFO][Sync] Stopped: History Delete Directives
2026-05-29 18:05:35.750: [INFO][Sync] Stopped: Device Info
2026-05-29 18:05:35.750: [INFO][Sync] Stopped: User Consents
2026-05-29 18:05:35.750: [INFO][Sync] Stopped: Send Tab To Self
2026-05-29 18:05:35.750: [INFO][Sync] Stopped: Web Apps
2026-05-29 18:05:35.750: [INFO][Sync] Stopped: History
2026-05-29 18:05:35.750: [INFO][Sync] Stopped: Saved Tab Group
2026-05-29 18:05:35.750: [INFO][Sync] Stopped: WebAuthn Credentials
2026-05-29 18:05:35.750: [INFO][Sync] Stopped: Collection
2026-05-29 18:05:35.750: [INFO][Sync] Stopped: Edge E Drop
2026-05-29 18:05:35.750: [INFO][Sync] Stopped: Edge Hub App Usage
2026-05-29 18:05:35.750: [INFO][Sync] Stopped: Edge Journey
2026-05-29 18:05:35.750: [INFO][Sync] Stopped: Edge Wallet
2026-05-29 18:05:35.750: [INFO][Sync] Stopped: Edge Workspace
2026-05-29 18:05:37.283: [INFO][Sync] Try to start sync engine
2026-05-29 18:05:37.283: [INFO][SyncManagerImpl::NudgeForInitialDownload] Initial download nudge for Encryption Keys
2026-05-29 18:05:37.283: [INFO][SyncEngineBackend::LoadAndConnectNigoriController] Load and connect Nigori controller
2026-05-29 18:05:37.283: [INFO][SyncEngineBackend::DoInitialize] Control Types added: Encryption Keys
2026-05-29 18:05:37.283: [INFO][SyncManagerImpl::ConfigureSyncer] Types to download: Encryption Keys with reason: 3
2026-05-29 18:05:37.283: [INFO][SyncSchedulerImpl::DoConfigurationSyncCycleJob] Configure job was blocked
2026-05-29 18:05:37.315: [INFO][SyncAuthManager::SetLastAuthError] Current auth error: None
2026-05-29 18:05:37.315: [INFO][SyncAuthManager::EdgeLogTokenErrorState] Token error with: None for account type: MSA
2026-05-29 18:05:37.315: [INFO][Sync] Credentials changed for: EdgeSyncScopeNew
2026-05-29 18:05:37.889: [INFO][SyncAuthManager::SetLastAuthError] Current auth error: None
2026-05-29 18:05:37.889: [INFO][SyncAuthManager::EdgeLogTokenErrorState] Token error with: None for account type: MSA
2026-05-29 18:05:37.889: [INFO][Sync] Credentials changed for: EdgeSyncKeyDataScope
2026-05-29 18:05:37.889: [INFO][SyncEngineBackend::DoUpdateKeyDataCredentials] Update key data credentials
2026-05-29 18:05:37.889: [INFO][SyncEngineBackend::DoUpdateCredentials] Update credentials
2026-05-29 18:05:37.889: [INFO][SyncSchedulerImpl::DoConfigurationSyncCycleJob] Blocked types:  and types to download: Encryption Keys
2026-05-29 18:05:38.090: [INFO][Sync] Started DataTypeManager configuration, reason: 4
2026-05-29 18:05:38.090: [INFO][Sync] Configuring for: Bookmarks, Preferences, Passwords, Autofill Profiles, Autofill, Extensions, Sessions, Extension settings, History Delete Directives, Device Info, User Consents, Send Tab To Self, Web Apps, History, Saved Tab Group, WebAuthn Credentials, Collection, Edge E Drop, Edge Hub App Usage, Edge Wallet, Edge Workspace, Encryption Keys, reason: 4, current state: 0
2026-05-29 18:05:38.090: [WARN][Sync] Crypto error data types: Passwords, Autofill Profiles, Autofill
2026-05-29 18:05:38.092: [INFO][Sync] Configure, desired: Bookmarks, Preferences, Extensions, Sessions, Extension settings, History Delete Directives, Device Info, User Consents, Send Tab To Self, Web Apps, History, Saved Tab Group, WebAuthn Credentials, Collection, Edge E Drop, Edge Hub App Usage, Edge Wallet, Edge Workspace, Encryption Keys; Allow fail: Passwords, Autofill Profiles, Autofill
2026-05-29 18:05:38.092: [INFO][Sync] Loading: Bookmarks
2026-05-29 18:05:38.092: [INFO][Sync] Loading: Preferences
2026-05-29 18:05:38.092: [INFO][Sync] Loading: Extensions
2026-05-29 18:05:38.092: [INFO][Sync] Loading: Sessions
2026-05-29 18:05:38.092: [INFO][Sync] Loading: Extension settings
2026-05-29 18:05:38.092: [INFO][Sync] Loading: History Delete Directives
2026-05-29 18:05:38.092: [INFO][Sync] Loading: Device Info
2026-05-29 18:05:38.092: [INFO][Sync] Loading: User Consents
2026-05-29 18:05:38.092: [INFO][Sync] Loading: Send Tab To Self
2026-05-29 18:05:38.092: [INFO][Sync] Loading: Web Apps
2026-05-29 18:05:38.092: [INFO][Sync] Loading: History
2026-05-29 18:05:38.092: [INFO][Sync] Loading: Saved Tab Group
2026-05-29 18:05:38.092: [INFO][Sync] Loading: WebAuthn Credentials
2026-05-29 18:05:38.092: [INFO][Sync] Loading: Collection
2026-05-29 18:05:38.092: [INFO][Sync] Loading: Edge E Drop
2026-05-29 18:05:38.092: [INFO][Sync] Loading: Edge Hub App Usage
2026-05-29 18:05:38.092: [INFO][Sync] Loading: Edge Wallet
2026-05-29 18:05:38.092: [INFO][Sync] Loading: Edge Workspace
2026-05-29 18:05:38.096: [INFO][Sync] All data types are ready for configure.
2026-05-29 18:05:38.730: [INFO][Sync] Started DataTypeManager configuration, reason: 5
2026-05-29 18:05:38.730: [INFO][Sync] Configuring for: Bookmarks, Preferences, Passwords, Autofill Profiles, Autofill, Extensions, Sessions, Extension settings, History Delete Directives, Device Info, User Consents, Send Tab To Self, Web Apps, History, Saved Tab Group, WebAuthn Credentials, Collection, Edge E Drop, Edge Hub App Usage, Edge Wallet, Edge Workspace, Encryption Keys, reason: 5, current state: 1
2026-05-29 18:05:38.733: [INFO][SyncEngineBackend::DoStartConfiguration] Start configuration
2026-05-29 18:05:38.733: [INFO][SyncManagerImpl::NudgeForInitialDownload] Initial download nudge for Bookmarks
2026-05-29 18:05:38.733: [INFO][SyncManagerImpl::NudgeForInitialDownload] Initial download nudge for Preferences
2026-05-29 18:05:38.733: [INFO][SyncManagerImpl::NudgeForInitialDownload] Initial download nudge for Extensions
2026-05-29 18:05:38.733: [INFO][SyncManagerImpl::NudgeForInitialDownload] Initial download nudge for Sessions
2026-05-29 18:05:38.733: [INFO][SyncManagerImpl::NudgeForInitialDownload] Initial download nudge for Extension settings
2026-05-29 18:05:38.733: [INFO][SyncManagerImpl::NudgeForInitialDownload] Initial download nudge for History Delete Directives
2026-05-29 18:05:38.733: [INFO][SyncManagerImpl::NudgeForInitialDownload] Initial download nudge for Device Info
2026-05-29 18:05:38.733: [INFO][SyncManagerImpl::NudgeForInitialDownload] Initial download nudge for Send Tab To Self
2026-05-29 18:05:38.733: [INFO][SyncManagerImpl::NudgeForInitialDownload] Initial download nudge for Web Apps
2026-05-29 18:05:38.733: [INFO][SyncManagerImpl::NudgeForInitialDownload] Initial download nudge for History
2026-05-29 18:05:38.733: [INFO][SyncManagerImpl::NudgeForInitialDownload] Initial download nudge for Saved Tab Group
2026-05-29 18:05:38.733: [INFO][SyncManagerImpl::NudgeForInitialDownload] Initial download nudge for WebAuthn Credentials
2026-05-29 18:05:38.733: [INFO][SyncManagerImpl::NudgeForInitialDownload] Initial download nudge for Collection
2026-05-29 18:05:38.733: [INFO][SyncManagerImpl::NudgeForInitialDownload] Initial download nudge for Edge E Drop
2026-05-29 18:05:38.733: [INFO][SyncManagerImpl::NudgeForInitialDownload] Initial download nudge for Edge Hub App Usage
2026-05-29 18:05:38.733: [INFO][SyncManagerImpl::NudgeForInitialDownload] Initial download nudge for Edge Wallet
2026-05-29 18:05:38.733: [INFO][SyncManagerImpl::NudgeForInitialDownload] Initial download nudge for Edge Workspace
2026-05-29 18:05:38.733: [INFO][SyncManagerImpl::ConfigureSyncer] Types to download:  with reason: 4
2026-05-29 18:05:38.733: [INFO][SyncEngineBackend::DoFinishConfigureDataTypes] Failed to download types:  and succeeded types: 
2026-05-29 18:05:38.737: [INFO][Sync] ConfigurationDone, failed: , succeeded: , remaining count: 4
2026-05-29 18:05:38.737: [WARN][Sync]     Reconfigure requested while configuration ongoing.
2026-05-29 18:05:38.737: [INFO][Sync] Configuring for: Bookmarks, Preferences, Passwords, Autofill Profiles, Autofill, Extensions, Sessions, Extension settings, History Delete Directives, Device Info, User Consents, Send Tab To Self, Web Apps, History, Saved Tab Group, WebAuthn Credentials, Collection, Edge E Drop, Edge Hub App Usage, Edge Wallet, Edge Workspace, Encryption Keys, reason: 5, current state: 2
2026-05-29 18:05:38.737: [INFO][Sync] Configure, desired: Bookmarks, Preferences, Passwords, Autofill Profiles, Autofill, Extensions, Sessions, Extension settings, History Delete Directives, Device Info, User Consents, Send Tab To Self, Web Apps, History, Saved Tab Group, WebAuthn Credentials, Collection, Edge E Drop, Edge Hub App Usage, Edge Wallet, Edge Workspace, Encryption Keys; Allow fail: 
2026-05-29 18:05:38.737: [INFO][Sync] Loading: Passwords
2026-05-29 18:05:38.737: [INFO][Sync] Loading: Autofill Profiles
2026-05-29 18:05:38.737: [INFO][Sync] Loading: Autofill
2026-05-29 18:05:38.737: [INFO][Sync] All data types are ready for configure.
2026-05-29 18:05:38.737: [INFO][SyncManagerImpl::NudgeForInitialDownload] Initial download nudge for Passwords
2026-05-29 18:05:38.738: [INFO][SyncManagerImpl::NudgeForInitialDownload] Initial download nudge for Autofill Profiles
2026-05-29 18:05:38.738: [INFO][SyncManagerImpl::NudgeForInitialDownload] Initial download nudge for Autofill
2026-05-29 18:05:38.738: [INFO][SyncManagerImpl::ConfigureSyncer] Types to download:  with reason: 5
2026-05-29 18:05:38.738: [INFO][SyncEngineBackend::DoFinishConfigureDataTypes] Failed to download types:  and succeeded types: 
2026-05-29 18:05:38.738: [INFO][Sync] ConfigurationDone, failed: , succeeded: , remaining count: 4
2026-05-29 18:05:38.738: [INFO][Sync] Prepare to configure types: Preferences, Passwords, Device Info, Send Tab To Self, Edge E Drop, Encryption Keys
2026-05-29 18:05:38.738: [INFO][SyncManagerImpl::ConfigureSyncer] Types to download: Preferences, Passwords, Device Info, Send Tab To Self, Edge E Drop, Encryption Keys with reason: 5
2026-05-29 18:05:38.738: [INFO][SyncSchedulerImpl::DoConfigurationSyncCycleJob] Blocked types:  and types to download: Preferences, Passwords, Device Info, Send Tab To Self, Edge E Drop, Encryption Keys
2026-05-29 18:05:38.934: [INFO][SyncEngineBackend::DoFinishConfigureDataTypes] Failed to download types:  and succeeded types: Preferences, Passwords, Device Info, Send Tab To Self, Edge E Drop, Encryption Keys
2026-05-29 18:05:38.937: [INFO][Sync] ConfigurationDone, failed: , succeeded: Preferences, Passwords, Device Info, Send Tab To Self, Edge E Drop, Encryption Keys, remaining count: 3
2026-05-29 18:05:38.937: [INFO][Sync] Prepare to configure types: Bookmarks, Encryption Keys
2026-05-29 18:05:38.937: [INFO][SyncManagerImpl::ConfigureSyncer] Types to download: Bookmarks, Encryption Keys with reason: 5
2026-05-29 18:05:38.937: [INFO][SyncSchedulerImpl::DoConfigurationSyncCycleJob] Blocked types:  and types to download: Bookmarks, Encryption Keys
2026-05-29 18:05:39.051: [INFO][SyncEngineBackend::DoFinishConfigureDataTypes] Failed to download types:  and succeeded types: Bookmarks, Encryption Keys
2026-05-29 18:05:39.054: [INFO][Sync] ConfigurationDone, failed: , succeeded: Bookmarks, Encryption Keys, remaining count: 2
2026-05-29 18:05:39.054: [INFO][Sync] Prepare to configure types: Autofill Profiles, Autofill, Extensions, Sessions, Extension settings, History Delete Directives, Web Apps, Saved Tab Group, WebAuthn Credentials, Collection, Edge Hub App Usage, Edge Wallet, Edge Workspace, Encryption Keys
2026-05-29 18:05:39.054: [INFO][SyncManagerImpl::ConfigureSyncer] Types to download: Autofill Profiles, Autofill, Extensions, Sessions, Extension settings, History Delete Directives, Web Apps, Saved Tab Group, WebAuthn Credentials, Collection, Edge Hub App Usage, Edge Wallet, Edge Workspace, Encryption Keys with reason: 5
2026-05-29 18:05:39.054: [INFO][SyncSchedulerImpl::DoConfigurationSyncCycleJob] Blocked types:  and types to download: Autofill Profiles, Autofill, Extensions, Sessions, Extension settings, History Delete Directives, Web Apps, Saved Tab Group, WebAuthn Credentials, Collection, Edge Hub App Usage, Edge Wallet, Edge Workspace, Encryption Keys
2026-05-29 18:05:39.305: [INFO][SyncEngineBackend::DoFinishConfigureDataTypes] Failed to download types:  and succeeded types: Autofill Profiles, Autofill, Extensions, Sessions, Extension settings, History Delete Directives, Web Apps, Saved Tab Group, WebAuthn Credentials, Collection, Edge Hub App Usage, Edge Wallet, Edge Workspace, Encryption Keys
2026-05-29 18:05:39.308: [INFO][Sync] ConfigurationDone, failed: , succeeded: Autofill Profiles, Autofill, Extensions, Sessions, Extension settings, History Delete Directives, Web Apps, Saved Tab Group, WebAuthn Credentials, Collection, Edge Hub App Usage, Edge Wallet, Edge Workspace, Encryption Keys, remaining count: 1
2026-05-29 18:05:39.311: [INFO][Sync] Prepare to configure types: History, Encryption Keys
2026-05-29 18:05:39.311: [INFO][SyncManagerImpl::ConfigureSyncer] Types to download: History, Encryption Keys with reason: 5
2026-05-29 18:05:39.311: [INFO][SyncSchedulerImpl::DoConfigurationSyncCycleJob] Blocked types:  and types to download: History, Encryption Keys
2026-05-29 18:05:39.439: [INFO][SyncEngineBackend::DoFinishConfigureDataTypes] Failed to download types:  and succeeded types: History, Encryption Keys
2026-05-29 18:05:39.443: [INFO][Sync] ConfigurationDone, failed: , succeeded: History, Encryption Keys, remaining count: 0
2026-05-29 18:05:39.445: [INFO][Sync]     Configuration completed, state: 7
2026-05-29 18:05:39.446: [INFO][Sync] Configured DataTypeManager: Ok
2026-05-29 18:05:39.450: [INFO][SyncEngineBackend::DoStartSyncing] Start syncing
2026-05-29 18:17:33.749: [INFO][Sync] Reset engine, reason: 0
2026-05-29 18:17:33.749: [INFO][Sync] Reset engine with reason: 0
2026-05-29 18:26:45.379: [INFO][Sync] SyncState after authenticated was: FeatureCanStart
2026-05-29 18:26:45.665: [INFO][SyncAuthManager::SetLastAuthError] Current auth error: None
2026-05-29 18:26:45.665: [INFO][SyncAuthManager::EdgeLogTokenErrorState] Token error with: None for account type: MSA
2026-05-29 18:26:45.665: [INFO][Sync] Credentials changed for: EdgeSyncKeyDataScope
2026-05-29 18:26:52.546: [INFO][Sync] Try to start sync engine
2026-05-29 18:26:52.630: [INFO][SyncManagerImpl::NudgeForInitialDownload] Initial download nudge for Encryption Keys
2026-05-29 18:26:52.630: [INFO][SyncEngineBackend::LoadAndConnectNigoriController] Load and connect Nigori controller
2026-05-29 18:26:52.630: [INFO][SyncEngineBackend::DoInitialize] Control Types added: Encryption Keys
2026-05-29 18:26:52.630: [INFO][SyncManagerImpl::ConfigureSyncer] Types to download: Encryption Keys with reason: 3
2026-05-29 18:26:52.630: [INFO][SyncEngineBackend::DoUpdateKeyDataCredentials] Update key data credentials
2026-05-29 18:26:52.630: [INFO][SyncSchedulerImpl::DoConfigurationSyncCycleJob] Configure job was blocked
2026-05-29 18:26:52.635: [INFO][SyncAuthManager::SetLastAuthError] Current auth error: None
2026-05-29 18:26:52.635: [INFO][SyncAuthManager::EdgeLogTokenErrorState] Token error with: None for account type: MSA
2026-05-29 18:26:52.635: [INFO][Sync] Credentials changed for: EdgeSyncScopeNew
2026-05-29 18:26:52.635: [INFO][SyncEngineBackend::DoUpdateCredentials] Update credentials
2026-05-29 18:26:52.635: [INFO][SyncEngineBackend::DoUpdateKeyDataCredentials] Update key data credentials
2026-05-29 18:26:52.635: [INFO][SyncSchedulerImpl::DoConfigurationSyncCycleJob] Blocked types:  and types to download: Encryption Keys
2026-05-29 18:26:52.769: [INFO][Sync] Started DataTypeManager configuration, reason: 4
2026-05-29 18:26:52.769: [INFO][Sync] Configuring for: Bookmarks, Preferences, Passwords, Autofill Profiles, Autofill, Extensions, Sessions, Extension settings, History Delete Directives, Device Info, User Consents, Send Tab To Self, Web Apps, History, Saved Tab Group, WebAuthn Credentials, Collection, Edge E Drop, Edge Hub App Usage, Edge Wallet, Edge Workspace, Encryption Keys, reason: 4, current state: 0
2026-05-29 18:26:52.769: [WARN][Sync] Crypto error data types: Passwords, Autofill Profiles, Autofill
2026-05-29 18:26:52.771: [INFO][Sync] Configure, desired: Bookmarks, Preferences, Extensions, Sessions, Extension settings, History Delete Directives, Device Info, User Consents, Send Tab To Self, Web Apps, History, Saved Tab Group, WebAuthn Credentials, Collection, Edge E Drop, Edge Hub App Usage, Edge Wallet, Edge Workspace, Encryption Keys; Allow fail: Passwords, Autofill Profiles, Autofill
2026-05-29 18:26:52.771: [INFO][Sync] Loading: Bookmarks
2026-05-29 18:26:52.771: [INFO][Sync] Loading: Preferences
2026-05-29 18:26:52.771: [INFO][Sync] Loading: Extensions
2026-05-29 18:26:52.771: [INFO][Sync] Loading: Sessions
2026-05-29 18:26:52.771: [INFO][Sync] Loading: Extension settings
2026-05-29 18:26:52.771: [INFO][Sync] Loading: History Delete Directives
2026-05-29 18:26:52.771: [INFO][Sync] Loading: Device Info
2026-05-29 18:26:52.771: [INFO][Sync] Loading: User Consents
2026-05-29 18:26:52.771: [INFO][Sync] Loading: Send Tab To Self
2026-05-29 18:26:52.771: [INFO][Sync] Loading: Web Apps
2026-05-29 18:26:52.771: [INFO][Sync] Loading: History
2026-05-29 18:26:52.771: [INFO][Sync] Loading: Saved Tab Group
2026-05-29 18:26:52.771: [INFO][Sync] Loading: WebAuthn Credentials
2026-05-29 18:26:52.771: [INFO][Sync] Loading: Collection
2026-05-29 18:26:52.771: [INFO][Sync] Loading: Edge E Drop
2026-05-29 18:26:52.771: [INFO][Sync] Loading: Edge Hub App Usage
2026-05-29 18:26:52.771: [INFO][Sync] Loading: Edge Wallet
2026-05-29 18:26:52.771: [INFO][Sync] Loading: Edge Workspace
2026-05-29 18:26:52.778: [INFO][Sync] All data types are ready for configure.
2026-05-29 18:26:54.307: [INFO][Sync] Started DataTypeManager configuration, reason: 5
2026-05-29 18:26:54.307: [INFO][Sync] Configuring for: Bookmarks, Preferences, Passwords, Autofill Profiles, Autofill, Extensions, Sessions, Extension settings, History Delete Directives, Device Info, User Consents, Send Tab To Self, Web Apps, History, Saved Tab Group, WebAuthn Credentials, Collection, Edge E Drop, Edge Hub App Usage, Edge Wallet, Edge Workspace, Encryption Keys, reason: 5, current state: 1
2026-05-29 18:26:54.308: [INFO][SyncEngineBackend::DoStartConfiguration] Start configuration
2026-05-29 18:26:54.308: [INFO][SyncManagerImpl::ConfigureSyncer] Types to download:  with reason: 4
2026-05-29 18:26:54.309: [INFO][SyncEngineBackend::DoFinishConfigureDataTypes] Failed to download types:  and succeeded types: 
2026-05-29 18:26:54.310: [INFO][Sync] ConfigurationDone, failed: , succeeded: , remaining count: 4
2026-05-29 18:26:54.310: [WARN][Sync]     Reconfigure requested while configuration ongoing.
2026-05-29 18:26:54.310: [INFO][Sync] Configuring for: Bookmarks, Preferences, Passwords, Autofill Profiles, Autofill, Extensions, Sessions, Extension settings, History Delete Directives, Device Info, User Consents, Send Tab To Self, Web Apps, History, Saved Tab Group, WebAuthn Credentials, Collection, Edge E Drop, Edge Hub App Usage, Edge Wallet, Edge Workspace, Encryption Keys, reason: 5, current state: 2
2026-05-29 18:26:54.310: [INFO][Sync] Configure, desired: Bookmarks, Preferences, Passwords, Autofill Profiles, Autofill, Extensions, Sessions, Extension settings, History Delete Directives, Device Info, User Consents, Send Tab To Self, Web Apps, History, Saved Tab Group, WebAuthn Credentials, Collection, Edge E Drop, Edge Hub App Usage, Edge Wallet, Edge Workspace, Encryption Keys; Allow fail: 
2026-05-29 18:26:54.310: [INFO][Sync] Loading: Passwords
2026-05-29 18:26:54.310: [INFO][Sync] Loading: Autofill Profiles
2026-05-29 18:26:54.310: [INFO][Sync] Loading: Autofill
2026-05-29 18:26:54.310: [INFO][Sync] All data types are ready for configure.
2026-05-29 18:26:54.310: [INFO][SyncManagerImpl::NudgeForInitialDownload] Initial download nudge for Passwords
2026-05-29 18:26:54.310: [INFO][SyncManagerImpl::ConfigureSyncer] Types to download:  with reason: 5
2026-05-29 18:26:54.311: [INFO][SyncEngineBackend::DoFinishConfigureDataTypes] Failed to download types:  and succeeded types: 
2026-05-29 18:26:54.311: [INFO][Sync] ConfigurationDone, failed: , succeeded: , remaining count: 4
2026-05-29 18:26:54.311: [INFO][Sync] Prepare to configure types: Passwords, Encryption Keys
2026-05-29 18:26:54.311: [INFO][SyncManagerImpl::ConfigureSyncer] Types to download: Passwords, Encryption Keys with reason: 5
2026-05-29 18:26:54.311: [INFO][SyncSchedulerImpl::DoConfigurationSyncCycleJob] Blocked types:  and types to download: Passwords, Encryption Keys
2026-05-29 18:26:54.451: [INFO][SyncEngineBackend::DoFinishConfigureDataTypes] Failed to download types:  and succeeded types: Passwords, Encryption Keys
2026-05-29 18:26:54.454: [INFO][Sync] ConfigurationDone, failed: , succeeded: Passwords, Encryption Keys, remaining count: 3
2026-05-29 18:26:54.454: [INFO][SyncManagerImpl::ConfigureSyncer] Types to download:  with reason: 5
2026-05-29 18:26:54.454: [INFO][SyncEngineBackend::DoFinishConfigureDataTypes] Failed to download types:  and succeeded types: 
2026-05-29 18:26:54.454: [INFO][Sync] ConfigurationDone, failed: , succeeded: , remaining count: 2
2026-05-29 18:26:54.454: [INFO][SyncManagerImpl::ConfigureSyncer] Types to download:  with reason: 5
2026-05-29 18:26:54.454: [INFO][SyncEngineBackend::DoFinishConfigureDataTypes] Failed to download types:  and succeeded types: 
2026-05-29 18:26:54.454: [INFO][Sync] ConfigurationDone, failed: , succeeded: , remaining count: 1
2026-05-29 18:26:54.456: [INFO][SyncManagerImpl::ConfigureSyncer] Types to download:  with reason: 5
2026-05-29 18:26:54.456: [INFO][SyncEngineBackend::DoFinishConfigureDataTypes] Failed to download types:  and succeeded types: 
2026-05-29 18:26:54.456: [INFO][Sync] ConfigurationDone, failed: , succeeded: , remaining count: 0
2026-05-29 18:26:54.459: [INFO][Sync]     Configuration completed, state: 7
2026-05-29 18:26:54.459: [INFO][Sync] Configured DataTypeManager: Ok
2026-05-29 18:26:54.462: [INFO][SyncEngineBackend::DoStartSyncing] Start syncing
2026-05-29 18:51:30.284: [INFO][Sync] Reset engine, reason: 0
2026-05-29 18:51:30.284: [INFO][Sync] Reset engine with reason: 0
2026-05-30 05:34:26.922: [INFO][Sync] Reset engine, reason: 8
2026-05-30 05:34:26.923: [INFO][Sync] Stopped: Bookmarks
2026-05-30 05:34:26.923: [INFO][Sync] Stopped: Preferences
2026-05-30 05:34:26.923: [INFO][Sync] Stopped: Passwords
2026-05-30 05:34:26.923: [INFO][Sync] Stopped: Autofill Profiles
2026-05-30 05:34:26.923: [INFO][Sync] Stopped: Autofill
2026-05-30 05:34:26.923: [INFO][Sync] Stopped: Extensions
2026-05-30 05:34:26.923: [INFO][Sync] Stopped: Sessions
2026-05-30 05:34:26.923: [INFO][Sync] Stopped: Extension settings
2026-05-30 05:34:26.923: [INFO][Sync] Stopped: History Delete Directives
2026-05-30 05:34:26.923: [INFO][Sync] Stopped: Device Info
2026-05-30 05:34:26.923: [INFO][Sync] Stopped: User Consents
2026-05-30 05:34:26.923: [INFO][Sync] Stopped: Send Tab To Self
2026-05-30 05:34:26.923: [INFO][Sync] Stopped: Web Apps
2026-05-30 05:34:26.923: [INFO][Sync] Stopped: History
2026-05-30 05:34:26.923: [INFO][Sync] Stopped: Saved Tab Group
2026-05-30 05:34:26.923: [INFO][Sync] Stopped: WebAuthn Credentials
2026-05-30 05:34:26.923: [INFO][Sync] Stopped: Collection
2026-05-30 05:34:26.923: [INFO][Sync] Stopped: Edge E Drop
2026-05-30 05:34:26.923: [INFO][Sync] Stopped: Edge Hub App Usage
2026-05-30 05:34:26.923: [INFO][Sync] Stopped: Edge Journey
2026-05-30 05:34:26.923: [INFO][Sync] Stopped: Edge Wallet
2026-05-30 05:34:26.923: [INFO][Sync] Stopped: Edge Workspace
2026-05-30 05:34:26.923: [INFO][Sync] SyncState after authenticated was: NotSignedIn
2026-05-30 05:34:27.109: [INFO][Sync] Reset engine, reason: 8
2026-05-30 05:34:27.109: [INFO][Sync] Stopped: Bookmarks
2026-05-30 05:34:27.109: [INFO][Sync] Stopped: Preferences
2026-05-30 05:34:27.109: [INFO][Sync] Stopped: Passwords
2026-05-30 05:34:27.109: [INFO][Sync] Stopped: Autofill Profiles
2026-05-30 05:34:27.109: [INFO][Sync] Stopped: Autofill
2026-05-30 05:34:27.109: [INFO][Sync] Stopped: Extensions
2026-05-30 05:34:27.109: [INFO][Sync] Stopped: Sessions
2026-05-30 05:34:27.109: [INFO][Sync] Stopped: Extension settings
2026-05-30 05:34:27.109: [INFO][Sync] Stopped: History Delete Directives
2026-05-30 05:34:27.109: [INFO][Sync] Stopped: Device Info
2026-05-30 05:34:27.109: [INFO][Sync] Stopped: User Consents
2026-05-30 05:34:27.109: [INFO][Sync] Stopped: Send Tab To Self
2026-05-30 05:34:27.109: [INFO][Sync] Stopped: Web Apps
2026-05-30 05:34:27.109: [INFO][Sync] Stopped: History
2026-05-30 05:34:27.109: [INFO][Sync] Stopped: Saved Tab Group
2026-05-30 05:34:27.109: [INFO][Sync] Stopped: WebAuthn Credentials
2026-05-30 05:34:27.109: [INFO][Sync] Stopped: Collection
2026-05-30 05:34:27.109: [INFO][Sync] Stopped: Edge E Drop
2026-05-30 05:34:27.109: [INFO][Sync] Stopped: Edge Hub App Usage
2026-05-30 05:34:27.109: [INFO][Sync] Stopped: Edge Journey
2026-05-30 05:34:27.109: [INFO][Sync] Stopped: Edge Wallet
2026-05-30 05:34:27.109: [INFO][Sync] Stopped: Edge Workspace
2026-05-30 05:34:29.464: [INFO][Sync] Try to start sync engine
2026-05-30 05:34:29.465: [INFO][SyncManagerImpl::NudgeForInitialDownload] Initial download nudge for Encryption Keys
2026-05-30 05:34:29.465: [INFO][SyncEngineBackend::LoadAndConnectNigoriController] Load and connect Nigori controller
2026-05-30 05:34:29.465: [INFO][SyncEngineBackend::DoInitialize] Control Types added: Encryption Keys
2026-05-30 05:34:29.465: [INFO][SyncManagerImpl::ConfigureSyncer] Types to download: Encryption Keys with reason: 3
2026-05-30 05:34:29.465: [INFO][SyncSchedulerImpl::DoConfigurationSyncCycleJob] Configure job was blocked
2026-05-30 05:34:30.218: [INFO][SyncAuthManager::SetLastAuthError] Current auth error: None
2026-05-30 05:34:30.218: [INFO][SyncAuthManager::EdgeLogTokenErrorState] Token error with: None for account type: MSA
2026-05-30 05:34:30.218: [INFO][Sync] Credentials changed for: EdgeSyncScopeNew
2026-05-30 05:34:30.223: [INFO][SyncAuthManager::SetLastAuthError] Current auth error: None
2026-05-30 05:34:30.223: [INFO][SyncAuthManager::EdgeLogTokenErrorState] Token error with: None for account type: MSA
2026-05-30 05:34:30.223: [INFO][Sync] Credentials changed for: EdgeSyncKeyDataScope
2026-05-30 05:34:30.223: [INFO][SyncEngineBackend::DoUpdateKeyDataCredentials] Update key data credentials
2026-05-30 05:34:30.223: [INFO][SyncEngineBackend::DoUpdateCredentials] Update credentials
2026-05-30 05:34:30.223: [INFO][SyncSchedulerImpl::DoConfigurationSyncCycleJob] Blocked types:  and types to download: Encryption Keys
2026-05-30 05:34:30.513: [INFO][Sync] Started DataTypeManager configuration, reason: 4
2026-05-30 05:34:30.514: [INFO][Sync] Configuring for: Bookmarks, Preferences, Passwords, Autofill Profiles, Autofill, Extensions, Sessions, Extension settings, History Delete Directives, Device Info, User Consents, Send Tab To Self, Web Apps, History, Saved Tab Group, WebAuthn Credentials, Collection, Edge E Drop, Edge Hub App Usage, Edge Wallet, Edge Workspace, Encryption Keys, reason: 4, current state: 0
2026-05-30 05:34:30.514: [WARN][Sync] Crypto error data types: Passwords, Autofill Profiles, Autofill
2026-05-30 05:34:30.517: [INFO][Sync] Configure, desired: Bookmarks, Preferences, Extensions, Sessions, Extension settings, History Delete Directives, Device Info, User Consents, Send Tab To Self, Web Apps, History, Saved Tab Group, WebAuthn Credentials, Collection, Edge E Drop, Edge Hub App Usage, Edge Wallet, Edge Workspace, Encryption Keys; Allow fail: Passwords, Autofill Profiles, Autofill
2026-05-30 05:34:30.517: [INFO][Sync] Loading: Bookmarks
2026-05-30 05:34:30.517: [INFO][Sync] Loading: Preferences
2026-05-30 05:34:30.517: [INFO][Sync] Loading: Extensions
2026-05-30 05:34:30.517: [INFO][Sync] Loading: Sessions
2026-05-30 05:34:30.517: [INFO][Sync] Loading: Extension settings
2026-05-30 05:34:30.517: [INFO][Sync] Loading: History Delete Directives
2026-05-30 05:34:30.517: [INFO][Sync] Loading: Device Info
2026-05-30 05:34:30.517: [INFO][Sync] Loading: User Consents
2026-05-30 05:34:30.517: [INFO][Sync] Loading: Send Tab To Self
2026-05-30 05:34:30.517: [INFO][Sync] Loading: Web Apps
2026-05-30 05:34:30.517: [INFO][Sync] Loading: History
2026-05-30 05:34:30.517: [INFO][Sync] Loading: Saved Tab Group
2026-05-30 05:34:30.517: [INFO][Sync] Loading: WebAuthn Credentials
2026-05-30 05:34:30.517: [INFO][Sync] Loading: Collection
2026-05-30 05:34:30.517: [INFO][Sync] Loading: Edge E Drop
2026-05-30 05:34:30.518: [INFO][Sync] Loading: Edge Hub App Usage
2026-05-30 05:34:30.518: [INFO][Sync] Loading: Edge Wallet
2026-05-30 05:34:30.518: [INFO][Sync] Loading: Edge Workspace
2026-05-30 05:34:30.525: [INFO][Sync] All data types are ready for configure.
2026-05-30 05:34:31.154: [INFO][SyncEngineBackend::DoStartConfiguration] Start configuration
2026-05-30 05:34:31.154: [INFO][SyncManagerImpl::NudgeForInitialDownload] Initial download nudge for Bookmarks
2026-05-30 05:34:31.154: [INFO][SyncManagerImpl::NudgeForInitialDownload] Initial download nudge for Preferences
2026-05-30 05:34:31.154: [INFO][SyncManagerImpl::NudgeForInitialDownload] Initial download nudge for Extensions
2026-05-30 05:34:31.154: [INFO][SyncManagerImpl::NudgeForInitialDownload] Initial download nudge for Sessions
2026-05-30 05:34:31.154: [INFO][SyncManagerImpl::NudgeForInitialDownload] Initial download nudge for Extension settings
2026-05-30 05:34:31.154: [INFO][SyncManagerImpl::NudgeForInitialDownload] Initial download nudge for History Delete Directives
2026-05-30 05:34:31.154: [INFO][SyncManagerImpl::NudgeForInitialDownload] Initial download nudge for Device Info
2026-05-30 05:34:31.154: [INFO][SyncManagerImpl::NudgeForInitialDownload] Initial download nudge for Send Tab To Self
2026-05-30 05:34:31.155: [INFO][SyncManagerImpl::NudgeForInitialDownload] Initial download nudge for Web Apps
2026-05-30 05:34:31.155: [INFO][SyncManagerImpl::NudgeForInitialDownload] Initial download nudge for History
2026-05-30 05:34:31.155: [INFO][SyncManagerImpl::NudgeForInitialDownload] Initial download nudge for Saved Tab Group
2026-05-30 05:34:31.155: [INFO][SyncManagerImpl::NudgeForInitialDownload] Initial download nudge for WebAuthn Credentials
2026-05-30 05:34:31.155: [INFO][SyncManagerImpl::NudgeForInitialDownload] Initial download nudge for Collection
2026-05-30 05:34:31.155: [INFO][SyncManagerImpl::NudgeForInitialDownload] Initial download nudge for Edge E Drop
2026-05-30 05:34:31.155: [INFO][SyncManagerImpl::NudgeForInitialDownload] Initial download nudge for Edge Hub App Usage
2026-05-30 05:34:31.155: [INFO][SyncManagerImpl::NudgeForInitialDownload] Initial download nudge for Edge Wallet
2026-05-30 05:34:31.155: [INFO][SyncManagerImpl::NudgeForInitialDownload] Initial download nudge for Edge Workspace
2026-05-30 05:34:31.155: [INFO][SyncManagerImpl::ConfigureSyncer] Types to download:  with reason: 4
2026-05-30 05:34:31.155: [INFO][SyncEngineBackend::DoFinishConfigureDataTypes] Failed to download types:  and succeeded types: 
2026-05-30 05:34:31.155: [INFO][Sync] Started DataTypeManager configuration, reason: 5
2026-05-30 05:34:31.155: [INFO][Sync] Configuring for: Bookmarks, Preferences, Passwords, Autofill Profiles, Autofill, Extensions, Sessions, Extension settings, History Delete Directives, Device Info, User Consents, Send Tab To Self, Web Apps, History, Saved Tab Group, WebAuthn Credentials, Collection, Edge E Drop, Edge Hub App Usage, Edge Wallet, Edge Workspace, Encryption Keys, reason: 5, current state: 1
2026-05-30 05:34:31.159: [INFO][Sync] ConfigurationDone, failed: , succeeded: , remaining count: 4
2026-05-30 05:34:31.159: [WARN][Sync]     Reconfigure requested while configuration ongoing.
2026-05-30 05:34:31.159: [INFO][Sync] Configuring for: Bookmarks, Preferences, Passwords, Autofill Profiles, Autofill, Extensions, Sessions, Extension settings, History Delete Directives, Device Info, User Consents, Send Tab To Self, Web Apps, History, Saved Tab Group, WebAuthn Credentials, Collection, Edge E Drop, Edge Hub App Usage, Edge Wallet, Edge Workspace, Encryption Keys, reason: 5, current state: 2
2026-05-30 05:34:31.159: [INFO][Sync] Configure, desired: Bookmarks, Preferences, Passwords, Autofill Profiles, Autofill, Extensions, Sessions, Extension settings, History Delete Directives, Device Info, User Consents, Send Tab To Self, Web Apps, History, Saved Tab Group, WebAuthn Credentials, Collection, Edge E Drop, Edge Hub App Usage, Edge Wallet, Edge Workspace, Encryption Keys; Allow fail: 
2026-05-30 05:34:31.159: [INFO][Sync] Loading: Passwords
2026-05-30 05:34:31.159: [INFO][Sync] Loading: Autofill Profiles
2026-05-30 05:34:31.159: [INFO][Sync] Loading: Autofill
2026-05-30 05:34:31.160: [INFO][Sync] All data types are ready for configure.
2026-05-30 05:34:31.160: [INFO][SyncManagerImpl::NudgeForInitialDownload] Initial download nudge for Passwords
2026-05-30 05:34:31.160: [INFO][SyncManagerImpl::NudgeForInitialDownload] Initial download nudge for Autofill Profiles
2026-05-30 05:34:31.160: [INFO][SyncManagerImpl::NudgeForInitialDownload] Initial download nudge for Autofill
2026-05-30 05:34:31.160: [INFO][SyncManagerImpl::ConfigureSyncer] Types to download:  with reason: 5
2026-05-30 05:34:31.160: [INFO][SyncEngineBackend::DoFinishConfigureDataTypes] Failed to download types:  and succeeded types: 
2026-05-30 05:34:31.160: [INFO][Sync] ConfigurationDone, failed: , succeeded: , remaining count: 4
2026-05-30 05:34:31.160: [INFO][Sync] Prepare to configure types: Preferences, Passwords, Device Info, Send Tab To Self, Edge E Drop, Encryption Keys
2026-05-30 05:34:31.161: [INFO][SyncManagerImpl::ConfigureSyncer] Types to download: Preferences, Passwords, Device Info, Send Tab To Self, Edge E Drop, Encryption Keys with reason: 5
2026-05-30 05:34:31.161: [INFO][SyncSchedulerImpl::DoConfigurationSyncCycleJob] Blocked types:  and types to download: Preferences, Passwords, Device Info, Send Tab To Self, Edge E Drop, Encryption Keys
2026-05-30 05:34:31.331: [INFO][SyncEngineBackend::DoFinishConfigureDataTypes] Failed to download types:  and succeeded types: Preferences, Passwords, Device Info, Send Tab To Self, Edge E Drop, Encryption Keys
2026-05-30 05:34:31.335: [INFO][Sync] ConfigurationDone, failed: , succeeded: Preferences, Passwords, Device Info, Send Tab To Self, Edge E Drop, Encryption Keys, remaining count: 3
2026-05-30 05:34:31.335: [INFO][Sync] Prepare to configure types: Bookmarks, Encryption Keys
2026-05-30 05:34:31.335: [INFO][SyncManagerImpl::ConfigureSyncer] Types to download: Bookmarks, Encryption Keys with reason: 5
2026-05-30 05:34:31.335: [INFO][SyncSchedulerImpl::DoConfigurationSyncCycleJob] Blocked types:  and types to download: Bookmarks, Encryption Keys
2026-05-30 05:34:31.472: [INFO][SyncEngineBackend::DoFinishConfigureDataTypes] Failed to download types:  and succeeded types: Bookmarks, Encryption Keys
2026-05-30 05:34:31.477: [INFO][Sync] ConfigurationDone, failed: , succeeded: Bookmarks, Encryption Keys, remaining count: 2
2026-05-30 05:34:31.477: [INFO][Sync] Prepare to configure types: Autofill Profiles, Autofill, Extensions, Sessions, Extension settings, History Delete Directives, Web Apps, Saved Tab Group, WebAuthn Credentials, Collection, Edge Hub App Usage, Edge Wallet, Edge Workspace, Encryption Keys
2026-05-30 05:34:31.477: [INFO][SyncManagerImpl::ConfigureSyncer] Types to download: Autofill Profiles, Autofill, Extensions, Sessions, Extension settings, History Delete Directives, Web Apps, Saved Tab Group, WebAuthn Credentials, Collection, Edge Hub App Usage, Edge Wallet, Edge Workspace, Encryption Keys with reason: 5
2026-05-30 05:34:31.477: [INFO][SyncSchedulerImpl::DoConfigurationSyncCycleJob] Blocked types:  and types to download: Autofill Profiles, Autofill, Extensions, Sessions, Extension settings, History Delete Directives, Web Apps, Saved Tab Group, WebAuthn Credentials, Collection, Edge Hub App Usage, Edge Wallet, Edge Workspace, Encryption Keys
2026-05-30 05:34:31.724: [INFO][SyncEngineBackend::DoFinishConfigureDataTypes] Failed to download types:  and succeeded types: Autofill Profiles, Autofill, Extensions, Sessions, Extension settings, History Delete Directives, Web Apps, Saved Tab Group, WebAuthn Credentials, Collection, Edge Hub App Usage, Edge Wallet, Edge Workspace, Encryption Keys
2026-05-30 05:34:31.727: [INFO][Sync] ConfigurationDone, failed: , succeeded: Autofill Profiles, Autofill, Extensions, Sessions, Extension settings, History Delete Directives, Web Apps, Saved Tab Group, WebAuthn Credentials, Collection, Edge Hub App Usage, Edge Wallet, Edge Workspace, Encryption Keys, remaining count: 1
2026-05-30 05:34:31.730: [INFO][Sync] Prepare to configure types: History, Encryption Keys
2026-05-30 05:34:31.730: [INFO][SyncManagerImpl::ConfigureSyncer] Types to download: History, Encryption Keys with reason: 5
2026-05-30 05:34:31.730: [INFO][SyncSchedulerImpl::DoConfigurationSyncCycleJob] Blocked types:  and types to download: History, Encryption Keys
2026-05-30 05:34:31.887: [INFO][SyncEngineBackend::DoFinishConfigureDataTypes] Failed to download types:  and succeeded types: History, Encryption Keys
2026-05-30 05:34:31.891: [INFO][Sync] ConfigurationDone, failed: , succeeded: History, Encryption Keys, remaining count: 0
2026-05-30 05:34:31.894: [INFO][Sync]     Configuration completed, state: 7
2026-05-30 05:34:31.895: [INFO][Sync] Configured DataTypeManager: Ok
2026-05-30 05:34:31.901: [INFO][SyncEngineBackend::DoStartSyncing] Start syncing
2026-05-30 06:01:46.760: [INFO][Sync] Reset engine, reason: 0
2026-05-30 06:01:46.760: [INFO][Sync] Reset engine with reason: 0
2026-05-30 06:02:26.215: [INFO][Sync] SyncState after authenticated was: FeatureCanStart
2026-05-30 06:02:27.860: [INFO][SyncAuthManager::SetLastAuthError] Current auth error: None
2026-05-30 06:02:27.860: [INFO][SyncAuthManager::EdgeLogTokenErrorState] Token error with: None for account type: MSA
2026-05-30 06:02:27.860: [INFO][Sync] Credentials changed for: EdgeSyncKeyDataScope
2026-05-30 06:02:33.580: [INFO][Sync] Try to start sync engine
2026-05-30 06:02:33.596: [INFO][SyncManagerImpl::NudgeForInitialDownload] Initial download nudge for Encryption Keys
2026-05-30 06:02:33.596: [INFO][SyncEngineBackend::LoadAndConnectNigoriController] Load and connect Nigori controller
2026-05-30 06:02:33.596: [INFO][SyncEngineBackend::DoInitialize] Control Types added: Encryption Keys
2026-05-30 06:02:33.596: [INFO][SyncManagerImpl::ConfigureSyncer] Types to download: Encryption Keys with reason: 3
2026-05-30 06:02:33.596: [INFO][SyncEngineBackend::DoUpdateKeyDataCredentials] Update key data credentials
2026-05-30 06:02:33.596: [INFO][SyncSchedulerImpl::DoConfigurationSyncCycleJob] Configure job was blocked
2026-05-30 06:02:33.600: [INFO][SyncAuthManager::SetLastAuthError] Current auth error: None
2026-05-30 06:02:33.600: [INFO][SyncAuthManager::EdgeLogTokenErrorState] Token error with: None for account type: MSA
2026-05-30 06:02:33.600: [INFO][Sync] Credentials changed for: EdgeSyncScopeNew
2026-05-30 06:02:33.600: [INFO][SyncEngineBackend::DoUpdateCredentials] Update credentials
2026-05-30 06:02:33.600: [INFO][SyncEngineBackend::DoUpdateKeyDataCredentials] Update key data credentials
2026-05-30 06:02:33.600: [INFO][SyncSchedulerImpl::DoConfigurationSyncCycleJob] Blocked types:  and types to download: Encryption Keys
2026-05-30 06:02:33.879: [INFO][Sync] Started DataTypeManager configuration, reason: 4
2026-05-30 06:02:33.879: [INFO][Sync] Configuring for: Bookmarks, Preferences, Passwords, Autofill Profiles, Autofill, Extensions, Sessions, Extension settings, History Delete Directives, Device Info, User Consents, Send Tab To Self, Web Apps, History, Saved Tab Group, WebAuthn Credentials, Collection, Edge E Drop, Edge Hub App Usage, Edge Wallet, Edge Workspace, Encryption Keys, reason: 4, current state: 0
2026-05-30 06:02:33.879: [WARN][Sync] Crypto error data types: Passwords, Autofill Profiles, Autofill
2026-05-30 06:02:33.882: [INFO][Sync] Configure, desired: Bookmarks, Preferences, Extensions, Sessions, Extension settings, History Delete Directives, Device Info, User Consents, Send Tab To Self, Web Apps, History, Saved Tab Group, WebAuthn Credentials, Collection, Edge E Drop, Edge Hub App Usage, Edge Wallet, Edge Workspace, Encryption Keys; Allow fail: Passwords, Autofill Profiles, Autofill
2026-05-30 06:02:33.882: [INFO][Sync] Loading: Bookmarks
2026-05-30 06:02:33.882: [INFO][Sync] Loading: Preferences
2026-05-30 06:02:33.882: [INFO][Sync] Loading: Extensions
2026-05-30 06:02:33.882: [INFO][Sync] Loading: Sessions
2026-05-30 06:02:33.882: [INFO][Sync] Loading: Extension settings
2026-05-30 06:02:33.882: [INFO][Sync] Loading: History Delete Directives
2026-05-30 06:02:33.882: [INFO][Sync] Loading: Device Info
2026-05-30 06:02:33.882: [INFO][Sync] Loading: User Consents
2026-05-30 06:02:33.882: [INFO][Sync] Loading: Send Tab To Self
2026-05-30 06:02:33.882: [INFO][Sync] Loading: Web Apps
2026-05-30 06:02:33.882: [INFO][Sync] Loading: History
2026-05-30 06:02:33.882: [INFO][Sync] Loading: Saved Tab Group
2026-05-30 06:02:33.882: [INFO][Sync] Loading: WebAuthn Credentials
2026-05-30 06:02:33.882: [INFO][Sync] Loading: Collection
2026-05-30 06:02:33.882: [INFO][Sync] Loading: Edge E Drop
2026-05-30 06:02:33.882: [INFO][Sync] Loading: Edge Hub App Usage
2026-05-30 06:02:33.882: [INFO][Sync] Loading: Edge Wallet
2026-05-30 06:02:33.882: [INFO][Sync] Loading: Edge Workspace
2026-05-30 06:02:33.892: [INFO][Sync] All data types are ready for configure.
2026-05-30 06:02:34.527: [INFO][Sync] Started DataTypeManager configuration, reason: 5
2026-05-30 06:02:34.527: [INFO][Sync] Configuring for: Bookmarks, Preferences, Passwords, Autofill Profiles, Autofill, Extensions, Sessions, Extension settings, History Delete Directives, Device Info, User Consents, Send Tab To Self, Web Apps, History, Saved Tab Group, WebAuthn Credentials, Collection, Edge E Drop, Edge Hub App Usage, Edge Wallet, Edge Workspace, Encryption Keys, reason: 5, current state: 1
2026-05-30 06:02:34.530: [INFO][SyncEngineBackend::DoStartConfiguration] Start configuration
2026-05-30 06:02:34.530: [INFO][SyncManagerImpl::ConfigureSyncer] Types to download:  with reason: 4
2026-05-30 06:02:34.530: [INFO][SyncEngineBackend::DoFinishConfigureDataTypes] Failed to download types:  and succeeded types: 
2026-05-30 06:02:34.530: [INFO][Sync] ConfigurationDone, failed: , succeeded: , remaining count: 4
2026-05-30 06:02:34.530: [WARN][Sync]     Reconfigure requested while configuration ongoing.
2026-05-30 06:02:34.530: [INFO][Sync] Configuring for: Bookmarks, Preferences, Passwords, Autofill Profiles, Autofill, Extensions, Sessions, Extension settings, History Delete Directives, Device Info, User Consents, Send Tab To Self, Web Apps, History, Saved Tab Group, WebAuthn Credentials, Collection, Edge E Drop, Edge Hub App Usage, Edge Wallet, Edge Workspace, Encryption Keys, reason: 5, current state: 2
2026-05-30 06:02:34.530: [INFO][Sync] Configure, desired: Bookmarks, Preferences, Passwords, Autofill Profiles, Autofill, Extensions, Sessions, Extension settings, History Delete Directives, Device Info, User Consents, Send Tab To Self, Web Apps, History, Saved Tab Group, WebAuthn Credentials, Collection, Edge E Drop, Edge Hub App Usage, Edge Wallet, Edge Workspace, Encryption Keys; Allow fail: 
2026-05-30 06:02:34.530: [INFO][Sync] Loading: Passwords
2026-05-30 06:02:34.530: [INFO][Sync] Loading: Autofill Profiles
2026-05-30 06:02:34.530: [INFO][Sync] Loading: Autofill
2026-05-30 06:02:34.530: [INFO][Sync] All data types are ready for configure.
2026-05-30 06:02:34.530: [INFO][SyncManagerImpl::NudgeForInitialDownload] Initial download nudge for Passwords
2026-05-30 06:02:34.530: [INFO][SyncManagerImpl::ConfigureSyncer] Types to download:  with reason: 5
2026-05-30 06:02:34.530: [INFO][SyncEngineBackend::DoFinishConfigureDataTypes] Failed to download types:  and succeeded types: 
2026-05-30 06:02:34.530: [INFO][Sync] ConfigurationDone, failed: , succeeded: , remaining count: 4
2026-05-30 06:02:34.530: [INFO][Sync] Prepare to configure types: Passwords, Encryption Keys
2026-05-30 06:02:34.530: [INFO][SyncManagerImpl::ConfigureSyncer] Types to download: Passwords, Encryption Keys with reason: 5
2026-05-30 06:02:34.531: [INFO][SyncSchedulerImpl::DoConfigurationSyncCycleJob] Blocked types:  and types to download: Passwords, Encryption Keys
2026-05-30 06:02:34.629: [INFO][SyncEngineBackend::DoFinishConfigureDataTypes] Failed to download types:  and succeeded types: Passwords, Encryption Keys
2026-05-30 06:02:34.632: [INFO][Sync] ConfigurationDone, failed: , succeeded: Passwords, Encryption Keys, remaining count: 3
2026-05-30 06:02:34.632: [INFO][SyncManagerImpl::ConfigureSyncer] Types to download:  with reason: 5
2026-05-30 06:02:34.632: [INFO][SyncEngineBackend::DoFinishConfigureDataTypes] Failed to download types:  and succeeded types: 
2026-05-30 06:02:34.632: [INFO][Sync] ConfigurationDone, failed: , succeeded: , remaining count: 2
2026-05-30 06:02:34.632: [INFO][SyncManagerImpl::ConfigureSyncer] Types to download:  with reason: 5
2026-05-30 06:02:34.632: [INFO][SyncEngineBackend::DoFinishConfigureDataTypes] Failed to download types:  and succeeded types: 
2026-05-30 06:02:34.632: [INFO][Sync] ConfigurationDone, failed: , succeeded: , remaining count: 1
2026-05-30 06:02:34.635: [INFO][SyncManagerImpl::ConfigureSyncer] Types to download:  with reason: 5
2026-05-30 06:02:34.635: [INFO][SyncEngineBackend::DoFinishConfigureDataTypes] Failed to download types:  and succeeded types: 
2026-05-30 06:02:34.639: [INFO][Sync] ConfigurationDone, failed: , succeeded: , remaining count: 0
2026-05-30 06:02:34.641: [INFO][Sync]     Configuration completed, state: 7
2026-05-30 06:02:34.641: [INFO][Sync] Configured DataTypeManager: Ok
2026-05-30 06:02:34.645: [INFO][SyncEngineBackend::DoStartSyncing] Start syncing
2026-05-30 06:54:29.324: [INFO][Sync] Reset engine, reason: 0
2026-05-30 06:54:29.324: [INFO][Sync] Reset engine with reason: 0
2026-05-30 06:55:19.648: [INFO][Sync] Reset engine, reason: 8
2026-05-30 06:55:19.648: [INFO][Sync] Stopped: Bookmarks
2026-05-30 06:55:19.648: [INFO][Sync] Stopped: Preferences
2026-05-30 06:55:19.648: [INFO][Sync] Stopped: Passwords
2026-05-30 06:55:19.648: [INFO][Sync] Stopped: Autofill Profiles
2026-05-30 06:55:19.648: [INFO][Sync] Stopped: Autofill
2026-05-30 06:55:19.648: [INFO][Sync] Stopped: Extensions
2026-05-30 06:55:19.648: [INFO][Sync] Stopped: Sessions
2026-05-30 06:55:19.648: [INFO][Sync] Stopped: Extension settings
2026-05-30 06:55:19.648: [INFO][Sync] Stopped: History Delete Directives
2026-05-30 06:55:19.648: [INFO][Sync] Stopped: Device Info
2026-05-30 06:55:19.648: [INFO][Sync] Stopped: User Consents
2026-05-30 06:55:19.648: [INFO][Sync] Stopped: Send Tab To Self
2026-05-30 06:55:19.648: [INFO][Sync] Stopped: Web Apps
2026-05-30 06:55:19.648: [INFO][Sync] Stopped: History
2026-05-30 06:55:19.648: [INFO][Sync] Stopped: Saved Tab Group
2026-05-30 06:55:19.648: [INFO][Sync] Stopped: WebAuthn Credentials
2026-05-30 06:55:19.648: [INFO][Sync] Stopped: Collection
2026-05-30 06:55:19.648: [INFO][Sync] Stopped: Edge E Drop
2026-05-30 06:55:19.648: [INFO][Sync] Stopped: Edge Hub App Usage
2026-05-30 06:55:19.648: [INFO][Sync] Stopped: Edge Journey
2026-05-30 06:55:19.648: [INFO][Sync] Stopped: Edge Wallet
2026-05-30 06:55:19.648: [INFO][Sync] Stopped: Edge Workspace
2026-05-30 06:55:19.650: [INFO][Sync] SyncState after authenticated was: NotSignedIn
2026-05-30 06:55:20.353: [INFO][Sync] Reset engine, reason: 8
2026-05-30 06:55:20.353: [INFO][Sync] Stopped: Bookmarks
2026-05-30 06:55:20.353: [INFO][Sync] Stopped: Preferences
2026-05-30 06:55:20.353: [INFO][Sync] Stopped: Passwords
2026-05-30 06:55:20.353: [INFO][Sync] Stopped: Autofill Profiles
2026-05-30 06:55:20.353: [INFO][Sync] Stopped: Autofill
2026-05-30 06:55:20.353: [INFO][Sync] Stopped: Extensions
2026-05-30 06:55:20.353: [INFO][Sync] Stopped: Sessions
2026-05-30 06:55:20.353: [INFO][Sync] Stopped: Extension settings
2026-05-30 06:55:20.353: [INFO][Sync] Stopped: History Delete Directives
2026-05-30 06:55:20.353: [INFO][Sync] Stopped: Device Info
2026-05-30 06:55:20.353: [INFO][Sync] Stopped: User Consents
2026-05-30 06:55:20.353: [INFO][Sync] Stopped: Send Tab To Self
2026-05-30 06:55:20.353: [INFO][Sync] Stopped: Web Apps
2026-05-30 06:55:20.353: [INFO][Sync] Stopped: History
2026-05-30 06:55:20.353: [INFO][Sync] Stopped: Saved Tab Group
2026-05-30 06:55:20.353: [INFO][Sync] Stopped: WebAuthn Credentials
2026-05-30 06:55:20.353: [INFO][Sync] Stopped: Collection
2026-05-30 06:55:20.353: [INFO][Sync] Stopped: Edge E Drop
2026-05-30 06:55:20.353: [INFO][Sync] Stopped: Edge Hub App Usage
2026-05-30 06:55:20.353: [INFO][Sync] Stopped: Edge Journey
2026-05-30 06:55:20.353: [INFO][Sync] Stopped: Edge Wallet
2026-05-30 06:55:20.353: [INFO][Sync] Stopped: Edge Workspace
2026-05-30 06:55:23.498: [INFO][Sync] Try to start sync engine
2026-05-30 06:55:23.510: [INFO][SyncManagerImpl::NudgeForInitialDownload] Initial download nudge for Encryption Keys
2026-05-30 06:55:23.510: [INFO][SyncEngineBackend::LoadAndConnectNigoriController] Load and connect Nigori controller
2026-05-30 06:55:23.510: [INFO][SyncEngineBackend::DoInitialize] Control Types added: Encryption Keys
2026-05-30 06:55:23.510: [INFO][SyncManagerImpl::ConfigureSyncer] Types to download: Encryption Keys with reason: 3
2026-05-30 06:55:23.510: [INFO][SyncSchedulerImpl::DoConfigurationSyncCycleJob] Configure job was blocked
2026-05-30 06:55:23.564: [INFO][SyncAuthManager::SetLastAuthError] Current auth error: None
2026-05-30 06:55:23.565: [INFO][SyncAuthManager::EdgeLogTokenErrorState] Token error with: None for account type: MSA
2026-05-30 06:55:23.565: [INFO][Sync] Credentials changed for: EdgeSyncScopeNew
2026-05-30 06:55:24.267: [INFO][SyncAuthManager::SetLastAuthError] Current auth error: None
2026-05-30 06:55:24.267: [INFO][SyncAuthManager::EdgeLogTokenErrorState] Token error with: None for account type: MSA
2026-05-30 06:55:24.267: [INFO][Sync] Credentials changed for: EdgeSyncKeyDataScope
2026-05-30 06:55:24.267: [INFO][SyncEngineBackend::DoUpdateKeyDataCredentials] Update key data credentials
2026-05-30 06:55:24.267: [INFO][SyncEngineBackend::DoUpdateCredentials] Update credentials
2026-05-30 06:55:24.267: [INFO][SyncSchedulerImpl::DoConfigurationSyncCycleJob] Blocked types:  and types to download: Encryption Keys
2026-05-30 06:55:24.435: [INFO][Sync] Started DataTypeManager configuration, reason: 4
2026-05-30 06:55:24.439: [INFO][Sync] Configuring for: Bookmarks, Preferences, Passwords, Autofill Profiles, Autofill, Extensions, Sessions, Extension settings, History Delete Directives, Device Info, User Consents, Send Tab To Self, Web Apps, History, Saved Tab Group, WebAuthn Credentials, Collection, Edge E Drop, Edge Hub App Usage, Edge Wallet, Edge Workspace, Encryption Keys, reason: 4, current state: 0
2026-05-30 06:55:24.439: [WARN][Sync] Crypto error data types: Passwords, Autofill Profiles, Autofill
2026-05-30 06:55:24.444: [INFO][Sync] Configure, desired: Bookmarks, Preferences, Extensions, Sessions, Extension settings, History Delete Directives, Device Info, User Consents, Send Tab To Self, Web Apps, History, Saved Tab Group, WebAuthn Credentials, Collection, Edge E Drop, Edge Hub App Usage, Edge Wallet, Edge Workspace, Encryption Keys; Allow fail: Passwords, Autofill Profiles, Autofill
2026-05-30 06:55:24.444: [INFO][Sync] Loading: Bookmarks
2026-05-30 06:55:24.444: [INFO][Sync] Loading: Preferences
2026-05-30 06:55:24.444: [INFO][Sync] Loading: Extensions
2026-05-30 06:55:24.445: [INFO][Sync] Loading: Sessions
2026-05-30 06:55:24.446: [INFO][Sync] Loading: Extension settings
2026-05-30 06:55:24.446: [INFO][Sync] Loading: History Delete Directives
2026-05-30 06:55:24.446: [INFO][Sync] Loading: Device Info
2026-05-30 06:55:24.446: [INFO][Sync] Loading: User Consents
2026-05-30 06:55:24.446: [INFO][Sync] Loading: Send Tab To Self
2026-05-30 06:55:24.446: [INFO][Sync] Loading: Web Apps
2026-05-30 06:55:24.446: [INFO][Sync] Loading: History
2026-05-30 06:55:24.446: [INFO][Sync] Loading: Saved Tab Group
2026-05-30 06:55:24.446: [INFO][Sync] Loading: WebAuthn Credentials
2026-05-30 06:55:24.446: [INFO][Sync] Loading: Collection
2026-05-30 06:55:24.446: [INFO][Sync] Loading: Edge E Drop
2026-05-30 06:55:24.446: [INFO][Sync] Loading: Edge Hub App Usage
2026-05-30 06:55:24.446: [INFO][Sync] Loading: Edge Wallet
2026-05-30 06:55:24.446: [INFO][Sync] Loading: Edge Workspace
2026-05-30 06:55:24.463: [INFO][Sync] All data types are ready for configure.
2026-05-30 06:55:25.009: [INFO][Sync] Started DataTypeManager configuration, reason: 5
2026-05-30 06:55:25.009: [INFO][Sync] Configuring for: Bookmarks, Preferences, Passwords, Autofill Profiles, Autofill, Extensions, Sessions, Extension settings, History Delete Directives, Device Info, User Consents, Send Tab To Self, Web Apps, History, Saved Tab Group, WebAuthn Credentials, Collection, Edge E Drop, Edge Hub App Usage, Edge Wallet, Edge Workspace, Encryption Keys, reason: 5, current state: 1
2026-05-30 06:55:25.012: [INFO][SyncEngineBackend::DoStartConfiguration] Start configuration
2026-05-30 06:55:25.012: [INFO][SyncManagerImpl::NudgeForInitialDownload] Initial download nudge for Bookmarks
2026-05-30 06:55:25.012: [INFO][SyncManagerImpl::NudgeForInitialDownload] Initial download nudge for Preferences
2026-05-30 06:55:25.012: [INFO][SyncManagerImpl::NudgeForInitialDownload] Initial download nudge for Extensions
2026-05-30 06:55:25.012: [INFO][SyncManagerImpl::NudgeForInitialDownload] Initial download nudge for Sessions
2026-05-30 06:55:25.012: [INFO][SyncManagerImpl::NudgeForInitialDownload] Initial download nudge for Extension settings
2026-05-30 06:55:25.012: [INFO][SyncManagerImpl::NudgeForInitialDownload] Initial download nudge for History Delete Directives
2026-05-30 06:55:25.012: [INFO][SyncManagerImpl::NudgeForInitialDownload] Initial download nudge for Device Info
2026-05-30 06:55:25.012: [INFO][SyncManagerImpl::NudgeForInitialDownload] Initial download nudge for Send Tab To Self
2026-05-30 06:55:25.012: [INFO][SyncManagerImpl::NudgeForInitialDownload] Initial download nudge for Web Apps
2026-05-30 06:55:25.012: [INFO][SyncManagerImpl::NudgeForInitialDownload] Initial download nudge for History
2026-05-30 06:55:25.012: [INFO][SyncManagerImpl::NudgeForInitialDownload] Initial download nudge for Saved Tab Group
2026-05-30 06:55:25.012: [INFO][SyncManagerImpl::NudgeForInitialDownload] Initial download nudge for WebAuthn Credentials
2026-05-30 06:55:25.012: [INFO][SyncManagerImpl::NudgeForInitialDownload] Initial download nudge for Collection
2026-05-30 06:55:25.012: [INFO][SyncManagerImpl::NudgeForInitialDownload] Initial download nudge for Edge E Drop
2026-05-30 06:55:25.012: [INFO][SyncManagerImpl::NudgeForInitialDownload] Initial download nudge for Edge Hub App Usage
2026-05-30 06:55:25.012: [INFO][SyncManagerImpl::NudgeForInitialDownload] Initial download nudge for Edge Wallet
2026-05-30 06:55:25.012: [INFO][SyncManagerImpl::NudgeForInitialDownload] Initial download nudge for Edge Workspace
2026-05-30 06:55:25.012: [INFO][SyncManagerImpl::ConfigureSyncer] Types to download:  with reason: 4
2026-05-30 06:55:25.013: [INFO][SyncEngineBackend::DoFinishConfigureDataTypes] Failed to download types:  and succeeded types: 
2026-05-30 06:55:25.015: [INFO][Sync] ConfigurationDone, failed: , succeeded: , remaining count: 4
2026-05-30 06:55:25.015: [WARN][Sync]     Reconfigure requested while configuration ongoing.
2026-05-30 06:55:25.015: [INFO][Sync] Configuring for: Bookmarks, Preferences, Passwords, Autofill Profiles, Autofill, Extensions, Sessions, Extension settings, History Delete Directives, Device Info, User Consents, Send Tab To Self, Web Apps, History, Saved Tab Group, WebAuthn Credentials, Collection, Edge E Drop, Edge Hub App Usage, Edge Wallet, Edge Workspace, Encryption Keys, reason: 5, current state: 2
2026-05-30 06:55:25.015: [INFO][Sync] Configure, desired: Bookmarks, Preferences, Passwords, Autofill Profiles, Autofill, Extensions, Sessions, Extension settings, History Delete Directives, Device Info, User Consents, Send Tab To Self, Web Apps, History, Saved Tab Group, WebAuthn Credentials, Collection, Edge E Drop, Edge Hub App Usage, Edge Wallet, Edge Workspace, Encryption Keys; Allow fail: 
2026-05-30 06:55:25.015: [INFO][Sync] Loading: Passwords
2026-05-30 06:55:25.015: [INFO][Sync] Loading: Autofill Profiles
2026-05-30 06:55:25.015: [INFO][Sync] Loading: Autofill
2026-05-30 06:55:25.016: [INFO][Sync] All data types are ready for configure.
2026-05-30 06:55:25.016: [INFO][SyncManagerImpl::NudgeForInitialDownload] Initial download nudge for Passwords
2026-05-30 06:55:25.017: [INFO][SyncManagerImpl::NudgeForInitialDownload] Initial download nudge for Autofill Profiles
2026-05-30 06:55:25.017: [INFO][SyncManagerImpl::NudgeForInitialDownload] Initial download nudge for Autofill
2026-05-30 06:55:25.017: [INFO][SyncManagerImpl::ConfigureSyncer] Types to download:  with reason: 5
2026-05-30 06:55:25.017: [INFO][SyncEngineBackend::DoFinishConfigureDataTypes] Failed to download types:  and succeeded types: 
2026-05-30 06:55:25.022: [INFO][Sync] ConfigurationDone, failed: , succeeded: , remaining count: 4
2026-05-30 06:55:25.022: [INFO][Sync] Prepare to configure types: Preferences, Passwords, Device Info, Send Tab To Self, Edge E Drop, Encryption Keys
2026-05-30 06:55:25.023: [INFO][SyncManagerImpl::ConfigureSyncer] Types to download: Preferences, Passwords, Device Info, Send Tab To Self, Edge E Drop, Encryption Keys with reason: 5
2026-05-30 06:55:25.023: [INFO][SyncSchedulerImpl::DoConfigurationSyncCycleJob] Blocked types:  and types to download: Preferences, Passwords, Device Info, Send Tab To Self, Edge E Drop, Encryption Keys
2026-05-30 06:55:25.289: [INFO][SyncEngineBackend::DoFinishConfigureDataTypes] Failed to download types:  and succeeded types: Preferences, Passwords, Device Info, Send Tab To Self, Edge E Drop, Encryption Keys
2026-05-30 06:55:25.297: [INFO][Sync] ConfigurationDone, failed: , succeeded: Preferences, Passwords, Device Info, Send Tab To Self, Edge E Drop, Encryption Keys, remaining count: 3
2026-05-30 06:55:25.297: [INFO][Sync] Prepare to configure types: Bookmarks, Encryption Keys
2026-05-30 06:55:25.297: [INFO][SyncManagerImpl::ConfigureSyncer] Types to download: Bookmarks, Encryption Keys with reason: 5
2026-05-30 06:55:25.297: [INFO][SyncSchedulerImpl::DoConfigurationSyncCycleJob] Blocked types:  and types to download: Bookmarks, Encryption Keys
2026-05-30 06:55:25.416: [INFO][SyncEngineBackend::DoFinishConfigureDataTypes] Failed to download types:  and succeeded types: Bookmarks, Encryption Keys
2026-05-30 06:55:25.419: [INFO][Sync] ConfigurationDone, failed: , succeeded: Bookmarks, Encryption Keys, remaining count: 2
2026-05-30 06:55:25.419: [INFO][Sync] Prepare to configure types: Autofill Profiles, Autofill, Extensions, Sessions, Extension settings, History Delete Directives, Web Apps, Saved Tab Group, WebAuthn Credentials, Collection, Edge Hub App Usage, Edge Wallet, Edge Workspace, Encryption Keys
2026-05-30 06:55:25.419: [INFO][SyncManagerImpl::ConfigureSyncer] Types to download: Autofill Profiles, Autofill, Extensions, Sessions, Extension settings, History Delete Directives, Web Apps, Saved Tab Group, WebAuthn Credentials, Collection, Edge Hub App Usage, Edge Wallet, Edge Workspace, Encryption Keys with reason: 5
2026-05-30 06:55:25.419: [INFO][SyncSchedulerImpl::DoConfigurationSyncCycleJob] Blocked types:  and types to download: Autofill Profiles, Autofill, Extensions, Sessions, Extension settings, History Delete Directives, Web Apps, Saved Tab Group, WebAuthn Credentials, Collection, Edge Hub App Usage, Edge Wallet, Edge Workspace, Encryption Keys
2026-05-30 06:55:25.634: [INFO][SyncEngineBackend::DoFinishConfigureDataTypes] Failed to download types:  and succeeded types: Autofill Profiles, Autofill, Extensions, Sessions, Extension settings, History Delete Directives, Web Apps, Saved Tab Group, WebAuthn Credentials, Collection, Edge Hub App Usage, Edge Wallet, Edge Workspace, Encryption Keys
2026-05-30 06:55:25.639: [INFO][Sync] ConfigurationDone, failed: , succeeded: Autofill Profiles, Autofill, Extensions, Sessions, Extension settings, History Delete Directives, Web Apps, Saved Tab Group, WebAuthn Credentials, Collection, Edge Hub App Usage, Edge Wallet, Edge Workspace, Encryption Keys, remaining count: 1
2026-05-30 06:55:25.643: [INFO][Sync] Prepare to configure types: History, Encryption Keys
2026-05-30 06:55:25.643: [INFO][SyncManagerImpl::ConfigureSyncer] Types to download: History, Encryption Keys with reason: 5
2026-05-30 06:55:25.643: [INFO][SyncSchedulerImpl::DoConfigurationSyncCycleJob] Blocked types:  and types to download: History, Encryption Keys
2026-05-30 06:55:25.854: [INFO][SyncEngineBackend::DoFinishConfigureDataTypes] Failed to download types:  and succeeded types: History, Encryption Keys
2026-05-30 06:55:25.859: [INFO][Sync] ConfigurationDone, failed: , succeeded: History, Encryption Keys, remaining count: 0
2026-05-30 06:55:25.864: [INFO][Sync]     Configuration completed, state: 7
2026-05-30 06:55:25.865: [INFO][Sync] Configured DataTypeManager: Ok
2026-05-30 06:55:25.872: [INFO][SyncEngineBackend::DoStartSyncing] Start syncing
2026-05-30 07:30:24.460: [INFO][Sync] Reset engine, reason: 0
2026-05-30 07:30:24.461: [INFO][Sync] Reset engine with reason: 0
2026-05-30 07:30:56.445: [INFO][Sync] SyncState after authenticated was: FeatureCanStart
2026-05-30 07:30:56.745: [INFO][SyncAuthManager::SetLastAuthError] Current auth error: None
2026-05-30 07:30:56.745: [INFO][SyncAuthManager::EdgeLogTokenErrorState] Token error with: None for account type: MSA
2026-05-30 07:30:56.746: [INFO][Sync] Credentials changed for: EdgeSyncKeyDataScope
2026-05-30 07:31:03.817: [INFO][Sync] Try to start sync engine
2026-05-30 07:31:03.818: [INFO][SyncManagerImpl::NudgeForInitialDownload] Initial download nudge for Encryption Keys
2026-05-30 07:31:03.818: [INFO][SyncEngineBackend::LoadAndConnectNigoriController] Load and connect Nigori controller
2026-05-30 07:31:03.818: [INFO][SyncEngineBackend::DoInitialize] Control Types added: Encryption Keys
2026-05-30 07:31:03.818: [INFO][SyncManagerImpl::ConfigureSyncer] Types to download: Encryption Keys with reason: 3
2026-05-30 07:31:03.818: [INFO][SyncEngineBackend::DoUpdateKeyDataCredentials] Update key data credentials
2026-05-30 07:31:03.818: [INFO][SyncSchedulerImpl::DoConfigurationSyncCycleJob] Configure job was blocked
2026-05-30 07:31:03.824: [INFO][SyncAuthManager::SetLastAuthError] Current auth error: None
2026-05-30 07:31:03.824: [INFO][SyncAuthManager::EdgeLogTokenErrorState] Token error with: None for account type: MSA
2026-05-30 07:31:03.824: [INFO][Sync] Credentials changed for: EdgeSyncScopeNew
2026-05-30 07:31:03.824: [INFO][SyncEngineBackend::DoUpdateCredentials] Update credentials
2026-05-30 07:31:03.824: [INFO][SyncSchedulerImpl::DoConfigurationSyncCycleJob] Blocked types:  and types to download: Encryption Keys
2026-05-30 07:31:03.951: [INFO][SyncEngineBackend::DoUpdateKeyDataCredentials] Update key data credentials
2026-05-30 07:31:03.959: [INFO][Sync] Started DataTypeManager configuration, reason: 4
2026-05-30 07:31:03.959: [INFO][Sync] Configuring for: Bookmarks, Preferences, Passwords, Autofill Profiles, Autofill, Extensions, Sessions, Extension settings, History Delete Directives, Device Info, User Consents, Send Tab To Self, Web Apps, History, Saved Tab Group, WebAuthn Credentials, Collection, Edge E Drop, Edge Hub App Usage, Edge Wallet, Edge Workspace, Encryption Keys, reason: 4, current state: 0
2026-05-30 07:31:03.959: [WARN][Sync] Crypto error data types: Passwords, Autofill Profiles, Autofill
2026-05-30 07:31:03.962: [INFO][Sync] Configure, desired: Bookmarks, Preferences, Extensions, Sessions, Extension settings, History Delete Directives, Device Info, User Consents, Send Tab To Self, Web Apps, History, Saved Tab Group, WebAuthn Credentials, Collection, Edge E Drop, Edge Hub App Usage, Edge Wallet, Edge Workspace, Encryption Keys; Allow fail: Passwords, Autofill Profiles, Autofill
2026-05-30 07:31:03.962: [INFO][Sync] Loading: Bookmarks
2026-05-30 07:31:03.962: [INFO][Sync] Loading: Preferences
2026-05-30 07:31:03.962: [INFO][Sync] Loading: Extensions
2026-05-30 07:31:03.962: [INFO][Sync] Loading: Sessions
2026-05-30 07:31:03.962: [INFO][Sync] Loading: Extension settings
2026-05-30 07:31:03.962: [INFO][Sync] Loading: History Delete Directives
2026-05-30 07:31:03.962: [INFO][Sync] Loading: Device Info
2026-05-30 07:31:03.962: [INFO][Sync] Loading: User Consents
2026-05-30 07:31:03.962: [INFO][Sync] Loading: Send Tab To Self
2026-05-30 07:31:03.963: [INFO][Sync] Loading: Web Apps
2026-05-30 07:31:03.963: [INFO][Sync] Loading: History
2026-05-30 07:31:03.963: [INFO][Sync] Loading: Saved Tab Group
2026-05-30 07:31:03.963: [INFO][Sync] Loading: WebAuthn Credentials
2026-05-30 07:31:03.963: [INFO][Sync] Loading: Collection
2026-05-30 07:31:03.963: [INFO][Sync] Loading: Edge E Drop
2026-05-30 07:31:03.963: [INFO][Sync] Loading: Edge Hub App Usage
2026-05-30 07:31:03.963: [INFO][Sync] Loading: Edge Wallet
2026-05-30 07:31:03.963: [INFO][Sync] Loading: Edge Workspace
2026-05-30 07:31:03.967: [INFO][Sync] All data types are ready for configure.
2026-05-30 07:31:04.492: [INFO][Sync] Started DataTypeManager configuration, reason: 5
2026-05-30 07:31:04.492: [INFO][Sync] Configuring for: Bookmarks, Preferences, Passwords, Autofill Profiles, Autofill, Extensions, Sessions, Extension settings, History Delete Directives, Device Info, User Consents, Send Tab To Self, Web Apps, History, Saved Tab Group, WebAuthn Credentials, Collection, Edge E Drop, Edge Hub App Usage, Edge Wallet, Edge Workspace, Encryption Keys, reason: 5, current state: 1
2026-05-30 07:31:04.494: [INFO][SyncEngineBackend::DoStartConfiguration] Start configuration
2026-05-30 07:31:04.494: [INFO][SyncManagerImpl::ConfigureSyncer] Types to download:  with reason: 4
2026-05-30 07:31:04.494: [INFO][SyncEngineBackend::DoFinishConfigureDataTypes] Failed to download types:  and succeeded types: 
2026-05-30 07:31:04.495: [INFO][Sync] ConfigurationDone, failed: , succeeded: , remaining count: 4
2026-05-30 07:31:04.495: [WARN][Sync]     Reconfigure requested while configuration ongoing.
2026-05-30 07:31:04.495: [INFO][Sync] Configuring for: Bookmarks, Preferences, Passwords, Autofill Profiles, Autofill, Extensions, Sessions, Extension settings, History Delete Directives, Device Info, User Consents, Send Tab To Self, Web Apps, History, Saved Tab Group, WebAuthn Credentials, Collection, Edge E Drop, Edge Hub App Usage, Edge Wallet, Edge Workspace, Encryption Keys, reason: 5, current state: 2
2026-05-30 07:31:04.495: [INFO][Sync] Configure, desired: Bookmarks, Preferences, Passwords, Autofill Profiles, Autofill, Extensions, Sessions, Extension settings, History Delete Directives, Device Info, User Consents, Send Tab To Self, Web Apps, History, Saved Tab Group, WebAuthn Credentials, Collection, Edge E Drop, Edge Hub App Usage, Edge Wallet, Edge Workspace, Encryption Keys; Allow fail: 
2026-05-30 07:31:04.495: [INFO][Sync] Loading: Passwords
2026-05-30 07:31:04.495: [INFO][Sync] Loading: Autofill Profiles
2026-05-30 07:31:04.495: [INFO][Sync] Loading: Autofill
2026-05-30 07:31:04.495: [INFO][Sync] All data types are ready for configure.
2026-05-30 07:31:04.495: [INFO][SyncManagerImpl::NudgeForInitialDownload] Initial download nudge for Passwords
2026-05-30 07:31:04.495: [INFO][SyncManagerImpl::ConfigureSyncer] Types to download:  with reason: 5
2026-05-30 07:31:04.495: [INFO][SyncEngineBackend::DoFinishConfigureDataTypes] Failed to download types:  and succeeded types: 
2026-05-30 07:31:04.495: [INFO][Sync] ConfigurationDone, failed: , succeeded: , remaining count: 4
2026-05-30 07:31:04.495: [INFO][Sync] Prepare to configure types: Passwords, Encryption Keys
2026-05-30 07:31:04.496: [INFO][SyncManagerImpl::ConfigureSyncer] Types to download: Passwords, Encryption Keys with reason: 5
2026-05-30 07:31:04.496: [INFO][SyncSchedulerImpl::DoConfigurationSyncCycleJob] Blocked types:  and types to download: Passwords, Encryption Keys
2026-05-30 07:31:04.614: [INFO][SyncEngineBackend::DoFinishConfigureDataTypes] Failed to download types:  and succeeded types: Passwords, Encryption Keys
2026-05-30 07:31:04.621: [INFO][Sync] ConfigurationDone, failed: , succeeded: Passwords, Encryption Keys, remaining count: 3
2026-05-30 07:31:04.621: [INFO][SyncManagerImpl::ConfigureSyncer] Types to download:  with reason: 5
2026-05-30 07:31:04.621: [INFO][SyncEngineBackend::DoFinishConfigureDataTypes] Failed to download types:  and succeeded types: 
2026-05-30 07:31:04.621: [INFO][Sync] ConfigurationDone, failed: , succeeded: , remaining count: 2
2026-05-30 07:31:04.621: [INFO][SyncManagerImpl::ConfigureSyncer] Types to download:  with reason: 5
2026-05-30 07:31:04.621: [INFO][SyncEngineBackend::DoFinishConfigureDataTypes] Failed to download types:  and succeeded types: 
2026-05-30 07:31:04.621: [INFO][Sync] ConfigurationDone, failed: , succeeded: , remaining count: 1
2026-05-30 07:31:04.627: [INFO][SyncManagerImpl::ConfigureSyncer] Types to download:  with reason: 5
2026-05-30 07:31:04.627: [INFO][SyncEngineBackend::DoFinishConfigureDataTypes] Failed to download types:  and succeeded types: 
2026-05-30 07:31:04.631: [INFO][Sync] ConfigurationDone, failed: , succeeded: , remaining count: 0
2026-05-30 07:31:04.634: [INFO][Sync]     Configuration completed, state: 7
2026-05-30 07:31:04.634: [INFO][Sync] Configured DataTypeManager: Ok
2026-05-30 07:31:04.638: [INFO][SyncEngineBackend::DoStartSyncing] Start syncing
2026-05-30 08:13:28.989: [INFO][Sync] Reset engine, reason: 0
2026-05-30 08:13:28.989: [INFO][Sync] Reset engine with reason: 0
2026-05-30 08:14:17.390: [INFO][Sync] Reset engine, reason: 8
2026-05-30 08:14:17.390: [INFO][Sync] Stopped: Bookmarks
2026-05-30 08:14:17.390: [INFO][Sync] Stopped: Preferences
2026-05-30 08:14:17.390: [INFO][Sync] Stopped: Passwords
2026-05-30 08:14:17.390: [INFO][Sync] Stopped: Autofill Profiles
2026-05-30 08:14:17.390: [INFO][Sync] Stopped: Autofill
2026-05-30 08:14:17.390: [INFO][Sync] Stopped: Extensions
2026-05-30 08:14:17.390: [INFO][Sync] Stopped: Sessions
2026-05-30 08:14:17.390: [INFO][Sync] Stopped: Extension settings
2026-05-30 08:14:17.391: [INFO][Sync] Stopped: History Delete Directives
2026-05-30 08:14:17.391: [INFO][Sync] Stopped: Device Info
2026-05-30 08:14:17.391: [INFO][Sync] Stopped: User Consents
2026-05-30 08:14:17.391: [INFO][Sync] Stopped: Send Tab To Self
2026-05-30 08:14:17.391: [INFO][Sync] Stopped: Web Apps
2026-05-30 08:14:17.391: [INFO][Sync] Stopped: History
2026-05-30 08:14:17.391: [INFO][Sync] Stopped: Saved Tab Group
2026-05-30 08:14:17.391: [INFO][Sync] Stopped: WebAuthn Credentials
2026-05-30 08:14:17.391: [INFO][Sync] Stopped: Collection
2026-05-30 08:14:17.391: [INFO][Sync] Stopped: Edge E Drop
2026-05-30 08:14:17.391: [INFO][Sync] Stopped: Edge Hub App Usage
2026-05-30 08:14:17.391: [INFO][Sync] Stopped: Edge Journey
2026-05-30 08:14:17.391: [INFO][Sync] Stopped: Edge Wallet
2026-05-30 08:14:17.391: [INFO][Sync] Stopped: Edge Workspace
2026-05-30 08:14:17.391: [INFO][Sync] SyncState after authenticated was: NotSignedIn
2026-05-30 08:14:17.674: [INFO][Sync] Reset engine, reason: 8
2026-05-30 08:14:17.674: [INFO][Sync] Stopped: Bookmarks
2026-05-30 08:14:17.674: [INFO][Sync] Stopped: Preferences
2026-05-30 08:14:17.674: [INFO][Sync] Stopped: Passwords
2026-05-30 08:14:17.674: [INFO][Sync] Stopped: Autofill Profiles
2026-05-30 08:14:17.674: [INFO][Sync] Stopped: Autofill
2026-05-30 08:14:17.674: [INFO][Sync] Stopped: Extensions
2026-05-30 08:14:17.674: [INFO][Sync] Stopped: Sessions
2026-05-30 08:14:17.674: [INFO][Sync] Stopped: Extension settings
2026-05-30 08:14:17.674: [INFO][Sync] Stopped: History Delete Directives
2026-05-30 08:14:17.674: [INFO][Sync] Stopped: Device Info
2026-05-30 08:14:17.674: [INFO][Sync] Stopped: User Consents
2026-05-30 08:14:17.674: [INFO][Sync] Stopped: Send Tab To Self
2026-05-30 08:14:17.674: [INFO][Sync] Stopped: Web Apps
2026-05-30 08:14:17.674: [INFO][Sync] Stopped: History
2026-05-30 08:14:17.674: [INFO][Sync] Stopped: Saved Tab Group
2026-05-30 08:14:17.674: [INFO][Sync] Stopped: WebAuthn Credentials
2026-05-30 08:14:17.674: [INFO][Sync] Stopped: Collection
2026-05-30 08:14:17.674: [INFO][Sync] Stopped: Edge E Drop
2026-05-30 08:14:17.674: [INFO][Sync] Stopped: Edge Hub App Usage
2026-05-30 08:14:17.674: [INFO][Sync] Stopped: Edge Journey
2026-05-30 08:14:17.674: [INFO][Sync] Stopped: Edge Wallet
2026-05-30 08:14:17.674: [INFO][Sync] Stopped: Edge Workspace
2026-05-30 08:14:20.347: [INFO][Sync] Try to start sync engine
2026-05-30 08:14:20.355: [INFO][SyncManagerImpl::NudgeForInitialDownload] Initial download nudge for Encryption Keys
2026-05-30 08:14:20.355: [INFO][SyncEngineBackend::LoadAndConnectNigoriController] Load and connect Nigori controller
2026-05-30 08:14:20.355: [INFO][SyncEngineBackend::DoInitialize] Control Types added: Encryption Keys
2026-05-30 08:14:20.355: [INFO][SyncManagerImpl::ConfigureSyncer] Types to download: Encryption Keys with reason: 3
2026-05-30 08:14:20.355: [INFO][SyncSchedulerImpl::DoConfigurationSyncCycleJob] Configure job was blocked
2026-05-30 08:14:20.400: [INFO][SyncAuthManager::SetLastAuthError] Current auth error: None
2026-05-30 08:14:20.400: [INFO][SyncAuthManager::EdgeLogTokenErrorState] Token error with: None for account type: MSA
2026-05-30 08:14:20.400: [INFO][Sync] Credentials changed for: EdgeSyncScopeNew
2026-05-30 08:14:21.064: [INFO][SyncAuthManager::SetLastAuthError] Current auth error: None
2026-05-30 08:14:21.064: [INFO][SyncAuthManager::EdgeLogTokenErrorState] Token error with: None for account type: MSA
2026-05-30 08:14:21.064: [INFO][Sync] Credentials changed for: EdgeSyncKeyDataScope
2026-05-30 08:14:21.064: [INFO][SyncEngineBackend::DoUpdateKeyDataCredentials] Update key data credentials
2026-05-30 08:14:21.064: [INFO][SyncEngineBackend::DoUpdateCredentials] Update credentials
2026-05-30 08:14:21.064: [INFO][SyncSchedulerImpl::DoConfigurationSyncCycleJob] Blocked types:  and types to download: Encryption Keys
2026-05-30 08:14:21.373: [INFO][Sync] Started DataTypeManager configuration, reason: 4
2026-05-30 08:14:21.374: [INFO][Sync] Configuring for: Bookmarks, Preferences, Passwords, Autofill Profiles, Autofill, Extensions, Sessions, Extension settings, History Delete Directives, Device Info, User Consents, Send Tab To Self, Web Apps, History, Saved Tab Group, WebAuthn Credentials, Collection, Edge E Drop, Edge Hub App Usage, Edge Wallet, Edge Workspace, Encryption Keys, reason: 4, current state: 0
2026-05-30 08:14:21.374: [WARN][Sync] Crypto error data types: Passwords, Autofill Profiles, Autofill
2026-05-30 08:14:21.379: [INFO][Sync] Configure, desired: Bookmarks, Preferences, Extensions, Sessions, Extension settings, History Delete Directives, Device Info, User Consents, Send Tab To Self, Web Apps, History, Saved Tab Group, WebAuthn Credentials, Collection, Edge E Drop, Edge Hub App Usage, Edge Wallet, Edge Workspace, Encryption Keys; Allow fail: Passwords, Autofill Profiles, Autofill
2026-05-30 08:14:21.379: [INFO][Sync] Loading: Bookmarks
2026-05-30 08:14:21.379: [INFO][Sync] Loading: Preferences
2026-05-30 08:14:21.379: [INFO][Sync] Loading: Extensions
2026-05-30 08:14:21.380: [INFO][Sync] Loading: Sessions
2026-05-30 08:14:21.380: [INFO][Sync] Loading: Extension settings
2026-05-30 08:14:21.380: [INFO][Sync] Loading: History Delete Directives
2026-05-30 08:14:21.380: [INFO][Sync] Loading: Device Info
2026-05-30 08:14:21.380: [INFO][Sync] Loading: User Consents
2026-05-30 08:14:21.380: [INFO][Sync] Loading: Send Tab To Self
2026-05-30 08:14:21.380: [INFO][Sync] Loading: Web Apps
2026-05-30 08:14:21.380: [INFO][Sync] Loading: History
2026-05-30 08:14:21.380: [INFO][Sync] Loading: Saved Tab Group
2026-05-30 08:14:21.380: [INFO][Sync] Loading: WebAuthn Credentials
2026-05-30 08:14:21.380: [INFO][Sync] Loading: Collection
2026-05-30 08:14:21.380: [INFO][Sync] Loading: Edge E Drop
2026-05-30 08:14:21.380: [INFO][Sync] Loading: Edge Hub App Usage
2026-05-30 08:14:21.380: [INFO][Sync] Loading: Edge Wallet
2026-05-30 08:14:21.380: [INFO][Sync] Loading: Edge Workspace
2026-05-30 08:14:21.394: [INFO][Sync] All data types are ready for configure.
2026-05-30 08:14:22.012: [INFO][Sync] Started DataTypeManager configuration, reason: 5
2026-05-30 08:14:22.012: [INFO][Sync] Configuring for: Bookmarks, Preferences, Passwords, Autofill Profiles, Autofill, Extensions, Sessions, Extension settings, History Delete Directives, Device Info, User Consents, Send Tab To Self, Web Apps, History, Saved Tab Group, WebAuthn Credentials, Collection, Edge E Drop, Edge Hub App Usage, Edge Wallet, Edge Workspace, Encryption Keys, reason: 5, current state: 1
2026-05-30 08:14:22.012: [INFO][SyncEngineBackend::DoStartConfiguration] Start configuration
2026-05-30 08:14:22.013: [INFO][SyncManagerImpl::NudgeForInitialDownload] Initial download nudge for Bookmarks
2026-05-30 08:14:22.013: [INFO][SyncManagerImpl::NudgeForInitialDownload] Initial download nudge for Preferences
2026-05-30 08:14:22.013: [INFO][SyncManagerImpl::NudgeForInitialDownload] Initial download nudge for Extensions
2026-05-30 08:14:22.013: [INFO][SyncManagerImpl::NudgeForInitialDownload] Initial download nudge for Sessions
2026-05-30 08:14:22.013: [INFO][SyncManagerImpl::NudgeForInitialDownload] Initial download nudge for Extension settings
2026-05-30 08:14:22.013: [INFO][SyncManagerImpl::NudgeForInitialDownload] Initial download nudge for History Delete Directives
2026-05-30 08:14:22.013: [INFO][SyncManagerImpl::NudgeForInitialDownload] Initial download nudge for Device Info
2026-05-30 08:14:22.013: [INFO][SyncManagerImpl::NudgeForInitialDownload] Initial download nudge for Send Tab To Self
2026-05-30 08:14:22.013: [INFO][SyncManagerImpl::NudgeForInitialDownload] Initial download nudge for Web Apps
2026-05-30 08:14:22.013: [INFO][SyncManagerImpl::NudgeForInitialDownload] Initial download nudge for History
2026-05-30 08:14:22.013: [INFO][SyncManagerImpl::NudgeForInitialDownload] Initial download nudge for Saved Tab Group
2026-05-30 08:14:22.013: [INFO][SyncManagerImpl::NudgeForInitialDownload] Initial download nudge for WebAuthn Credentials
2026-05-30 08:14:22.013: [INFO][SyncManagerImpl::NudgeForInitialDownload] Initial download nudge for Collection
2026-05-30 08:14:22.013: [INFO][SyncManagerImpl::NudgeForInitialDownload] Initial download nudge for Edge E Drop
2026-05-30 08:14:22.013: [INFO][SyncManagerImpl::NudgeForInitialDownload] Initial download nudge for Edge Hub App Usage
2026-05-30 08:14:22.013: [INFO][SyncManagerImpl::NudgeForInitialDownload] Initial download nudge for Edge Wallet
2026-05-30 08:14:22.013: [INFO][SyncManagerImpl::NudgeForInitialDownload] Initial download nudge for Edge Workspace
2026-05-30 08:14:22.013: [INFO][SyncManagerImpl::ConfigureSyncer] Types to download:  with reason: 4
2026-05-30 08:14:22.013: [INFO][SyncEngineBackend::DoFinishConfigureDataTypes] Failed to download types:  and succeeded types: 
2026-05-30 08:14:22.017: [INFO][Sync] ConfigurationDone, failed: , succeeded: , remaining count: 4
2026-05-30 08:14:22.017: [WARN][Sync]     Reconfigure requested while configuration ongoing.
2026-05-30 08:14:22.017: [INFO][Sync] Configuring for: Bookmarks, Preferences, Passwords, Autofill Profiles, Autofill, Extensions, Sessions, Extension settings, History Delete Directives, Device Info, User Consents, Send Tab To Self, Web Apps, History, Saved Tab Group, WebAuthn Credentials, Collection, Edge E Drop, Edge Hub App Usage, Edge Wallet, Edge Workspace, Encryption Keys, reason: 5, current state: 2
2026-05-30 08:14:22.017: [INFO][Sync] Configure, desired: Bookmarks, Preferences, Passwords, Autofill Profiles, Autofill, Extensions, Sessions, Extension settings, History Delete Directives, Device Info, User Consents, Send Tab To Self, Web Apps, History, Saved Tab Group, WebAuthn Credentials, Collection, Edge E Drop, Edge Hub App Usage, Edge Wallet, Edge Workspace, Encryption Keys; Allow fail: 
2026-05-30 08:14:22.017: [INFO][Sync] Loading: Passwords
2026-05-30 08:14:22.017: [INFO][Sync] Loading: Autofill Profiles
2026-05-30 08:14:22.017: [INFO][Sync] Loading: Autofill
2026-05-30 08:14:22.018: [INFO][Sync] All data types are ready for configure.
2026-05-30 08:14:22.018: [INFO][SyncManagerImpl::NudgeForInitialDownload] Initial download nudge for Passwords
2026-05-30 08:14:22.018: [INFO][SyncManagerImpl::NudgeForInitialDownload] Initial download nudge for Autofill Profiles
2026-05-30 08:14:22.018: [INFO][SyncManagerImpl::NudgeForInitialDownload] Initial download nudge for Autofill
2026-05-30 08:14:22.018: [INFO][SyncManagerImpl::ConfigureSyncer] Types to download:  with reason: 5
2026-05-30 08:14:22.018: [INFO][SyncEngineBackend::DoFinishConfigureDataTypes] Failed to download types:  and succeeded types: 
2026-05-30 08:14:22.018: [INFO][Sync] ConfigurationDone, failed: , succeeded: , remaining count: 4
2026-05-30 08:14:22.018: [INFO][Sync] Prepare to configure types: Preferences, Passwords, Device Info, Send Tab To Self, Edge E Drop, Encryption Keys
2026-05-30 08:14:22.018: [INFO][SyncManagerImpl::ConfigureSyncer] Types to download: Preferences, Passwords, Device Info, Send Tab To Self, Edge E Drop, Encryption Keys with reason: 5
2026-05-30 08:14:22.018: [INFO][SyncSchedulerImpl::DoConfigurationSyncCycleJob] Blocked types:  and types to download: Preferences, Passwords, Device Info, Send Tab To Self, Edge E Drop, Encryption Keys
2026-05-30 08:14:22.212: [INFO][SyncEngineBackend::DoFinishConfigureDataTypes] Failed to download types:  and succeeded types: Preferences, Passwords, Device Info, Send Tab To Self, Edge E Drop, Encryption Keys
2026-05-30 08:14:22.217: [INFO][Sync] ConfigurationDone, failed: , succeeded: Preferences, Passwords, Device Info, Send Tab To Self, Edge E Drop, Encryption Keys, remaining count: 3
2026-05-30 08:14:22.217: [INFO][Sync] Prepare to configure types: Bookmarks, Encryption Keys
2026-05-30 08:14:22.217: [INFO][SyncManagerImpl::ConfigureSyncer] Types to download: Bookmarks, Encryption Keys with reason: 5
2026-05-30 08:14:22.217: [INFO][SyncSchedulerImpl::DoConfigurationSyncCycleJob] Blocked types:  and types to download: Bookmarks, Encryption Keys
2026-05-30 08:14:22.321: [INFO][SyncEngineBackend::DoFinishConfigureDataTypes] Failed to download types:  and succeeded types: Bookmarks, Encryption Keys
2026-05-30 08:14:22.325: [INFO][Sync] ConfigurationDone, failed: , succeeded: Bookmarks, Encryption Keys, remaining count: 2
2026-05-30 08:14:22.325: [INFO][Sync] Prepare to configure types: Autofill Profiles, Autofill, Extensions, Sessions, Extension settings, History Delete Directives, Web Apps, Saved Tab Group, WebAuthn Credentials, Collection, Edge Hub App Usage, Edge Wallet, Edge Workspace, Encryption Keys
2026-05-30 08:14:22.325: [INFO][SyncManagerImpl::ConfigureSyncer] Types to download: Autofill Profiles, Autofill, Extensions, Sessions, Extension settings, History Delete Directives, Web Apps, Saved Tab Group, WebAuthn Credentials, Collection, Edge Hub App Usage, Edge Wallet, Edge Workspace, Encryption Keys with reason: 5
2026-05-30 08:14:22.325: [INFO][SyncSchedulerImpl::DoConfigurationSyncCycleJob] Blocked types:  and types to download: Autofill Profiles, Autofill, Extensions, Sessions, Extension settings, History Delete Directives, Web Apps, Saved Tab Group, WebAuthn Credentials, Collection, Edge Hub App Usage, Edge Wallet, Edge Workspace, Encryption Keys
2026-05-30 08:14:22.491: [INFO][SyncEngineBackend::DoFinishConfigureDataTypes] Failed to download types:  and succeeded types: Autofill Profiles, Autofill, Extensions, Sessions, Extension settings, History Delete Directives, Web Apps, Saved Tab Group, WebAuthn Credentials, Collection, Edge Hub App Usage, Edge Wallet, Edge Workspace, Encryption Keys
2026-05-30 08:14:22.496: [INFO][Sync] ConfigurationDone, failed: , succeeded: Autofill Profiles, Autofill, Extensions, Sessions, Extension settings, History Delete Directives, Web Apps, Saved Tab Group, WebAuthn Credentials, Collection, Edge Hub App Usage, Edge Wallet, Edge Workspace, Encryption Keys, remaining count: 1
2026-05-30 08:14:22.502: [INFO][Sync] Prepare to configure types: History, Encryption Keys
2026-05-30 08:14:22.502: [INFO][SyncManagerImpl::ConfigureSyncer] Types to download: History, Encryption Keys with reason: 5
2026-05-30 08:14:22.502: [INFO][SyncSchedulerImpl::DoConfigurationSyncCycleJob] Blocked types:  and types to download: History, Encryption Keys
2026-05-30 08:14:22.750: [INFO][SyncEngineBackend::DoFinishConfigureDataTypes] Failed to download types:  and succeeded types: History, Encryption Keys
2026-05-30 08:14:22.757: [INFO][Sync] ConfigurationDone, failed: , succeeded: History, Encryption Keys, remaining count: 0
2026-05-30 08:14:22.763: [INFO][Sync]     Configuration completed, state: 7
2026-05-30 08:14:22.763: [INFO][Sync] Configured DataTypeManager: Ok
2026-05-30 08:14:22.769: [INFO][SyncEngineBackend::DoStartSyncing] Start syncing
2026-05-30 08:31:28.955: [INFO][Sync] Reset engine, reason: 0
2026-05-30 08:31:28.955: [INFO][Sync] Reset engine with reason: 0
2026-05-30 08:32:09.134: [INFO][Sync] SyncState after authenticated was: FeatureCanStart
2026-05-30 08:32:11.087: [INFO][SyncAuthManager::SetLastAuthError] Current auth error: None
2026-05-30 08:32:11.088: [INFO][SyncAuthManager::EdgeLogTokenErrorState] Token error with: None for account type: MSA
2026-05-30 08:32:11.088: [INFO][Sync] Credentials changed for: EdgeSyncKeyDataScope
2026-05-30 08:32:18.943: [INFO][Sync] Try to start sync engine
2026-05-30 08:32:18.950: [INFO][SyncManagerImpl::NudgeForInitialDownload] Initial download nudge for Encryption Keys
2026-05-30 08:32:18.950: [INFO][SyncEngineBackend::LoadAndConnectNigoriController] Load and connect Nigori controller
2026-05-30 08:32:18.950: [INFO][SyncEngineBackend::DoInitialize] Control Types added: Encryption Keys
2026-05-30 08:32:18.950: [INFO][SyncManagerImpl::ConfigureSyncer] Types to download: Encryption Keys with reason: 3
2026-05-30 08:32:18.951: [INFO][SyncEngineBackend::DoUpdateKeyDataCredentials] Update key data credentials
2026-05-30 08:32:18.951: [INFO][SyncSchedulerImpl::DoConfigurationSyncCycleJob] Configure job was blocked
2026-05-30 08:32:18.952: [INFO][SyncAuthManager::SetLastAuthError] Current auth error: None
2026-05-30 08:32:18.952: [INFO][SyncAuthManager::EdgeLogTokenErrorState] Token error with: None for account type: MSA
2026-05-30 08:32:18.952: [INFO][Sync] Credentials changed for: EdgeSyncScopeNew
2026-05-30 08:32:18.952: [INFO][SyncEngineBackend::DoUpdateCredentials] Update credentials
2026-05-30 08:32:18.952: [INFO][SyncEngineBackend::DoUpdateKeyDataCredentials] Update key data credentials
2026-05-30 08:32:18.952: [INFO][SyncSchedulerImpl::DoConfigurationSyncCycleJob] Blocked types:  and types to download: Encryption Keys
2026-05-30 08:32:19.270: [INFO][Sync] Started DataTypeManager configuration, reason: 4
2026-05-30 08:32:19.270: [INFO][Sync] Configuring for: Bookmarks, Preferences, Passwords, Autofill Profiles, Autofill, Extensions, Sessions, Extension settings, History Delete Directives, Device Info, User Consents, Send Tab To Self, Web Apps, History, Saved Tab Group, WebAuthn Credentials, Collection, Edge E Drop, Edge Hub App Usage, Edge Wallet, Edge Workspace, Encryption Keys, reason: 4, current state: 0
2026-05-30 08:32:19.270: [WARN][Sync] Crypto error data types: Passwords, Autofill Profiles, Autofill
2026-05-30 08:32:19.274: [INFO][Sync] Configure, desired: Bookmarks, Preferences, Extensions, Sessions, Extension settings, History Delete Directives, Device Info, User Consents, Send Tab To Self, Web Apps, History, Saved Tab Group, WebAuthn Credentials, Collection, Edge E Drop, Edge Hub App Usage, Edge Wallet, Edge Workspace, Encryption Keys; Allow fail: Passwords, Autofill Profiles, Autofill
2026-05-30 08:32:19.274: [INFO][Sync] Loading: Bookmarks
2026-05-30 08:32:19.274: [INFO][Sync] Loading: Preferences
2026-05-30 08:32:19.274: [INFO][Sync] Loading: Extensions
2026-05-30 08:32:19.275: [INFO][Sync] Loading: Sessions
2026-05-30 08:32:19.275: [INFO][Sync] Loading: Extension settings
2026-05-30 08:32:19.275: [INFO][Sync] Loading: History Delete Directives
2026-05-30 08:32:19.275: [INFO][Sync] Loading: Device Info
2026-05-30 08:32:19.275: [INFO][Sync] Loading: User Consents
2026-05-30 08:32:19.275: [INFO][Sync] Loading: Send Tab To Self
2026-05-30 08:32:19.275: [INFO][Sync] Loading: Web Apps
2026-05-30 08:32:19.275: [INFO][Sync] Loading: History
2026-05-30 08:32:19.275: [INFO][Sync] Loading: Saved Tab Group
2026-05-30 08:32:19.275: [INFO][Sync] Loading: WebAuthn Credentials
2026-05-30 08:32:19.275: [INFO][Sync] Loading: Collection
2026-05-30 08:32:19.275: [INFO][Sync] Loading: Edge E Drop
2026-05-30 08:32:19.275: [INFO][Sync] Loading: Edge Hub App Usage
2026-05-30 08:32:19.275: [INFO][Sync] Loading: Edge Wallet
2026-05-30 08:32:19.275: [INFO][Sync] Loading: Edge Workspace
2026-05-30 08:32:19.290: [INFO][Sync] All data types are ready for configure.
2026-05-30 08:32:19.838: [INFO][Sync] Started DataTypeManager configuration, reason: 5
2026-05-30 08:32:19.838: [INFO][Sync] Configuring for: Bookmarks, Preferences, Passwords, Autofill Profiles, Autofill, Extensions, Sessions, Extension settings, History Delete Directives, Device Info, User Consents, Send Tab To Self, Web Apps, History, Saved Tab Group, WebAuthn Credentials, Collection, Edge E Drop, Edge Hub App Usage, Edge Wallet, Edge Workspace, Encryption Keys, reason: 5, current state: 1
2026-05-30 08:32:19.843: [INFO][SyncEngineBackend::DoStartConfiguration] Start configuration
2026-05-30 08:32:19.844: [INFO][SyncManagerImpl::ConfigureSyncer] Types to download:  with reason: 4
2026-05-30 08:32:19.844: [INFO][SyncEngineBackend::DoFinishConfigureDataTypes] Failed to download types:  and succeeded types: 
2026-05-30 08:32:19.848: [INFO][Sync] ConfigurationDone, failed: , succeeded: , remaining count: 4
2026-05-30 08:32:19.848: [WARN][Sync]     Reconfigure requested while configuration ongoing.
2026-05-30 08:32:19.848: [INFO][Sync] Configuring for: Bookmarks, Preferences, Passwords, Autofill Profiles, Autofill, Extensions, Sessions, Extension settings, History Delete Directives, Device Info, User Consents, Send Tab To Self, Web Apps, History, Saved Tab Group, WebAuthn Credentials, Collection, Edge E Drop, Edge Hub App Usage, Edge Wallet, Edge Workspace, Encryption Keys, reason: 5, current state: 2
2026-05-30 08:32:19.848: [INFO][Sync] Configure, desired: Bookmarks, Preferences, Passwords, Autofill Profiles, Autofill, Extensions, Sessions, Extension settings, History Delete Directives, Device Info, User Consents, Send Tab To Self, Web Apps, History, Saved Tab Group, WebAuthn Credentials, Collection, Edge E Drop, Edge Hub App Usage, Edge Wallet, Edge Workspace, Encryption Keys; Allow fail: 
2026-05-30 08:32:19.848: [INFO][Sync] Loading: Passwords
2026-05-30 08:32:19.848: [INFO][Sync] Loading: Autofill Profiles
2026-05-30 08:32:19.848: [INFO][Sync] Loading: Autofill
2026-05-30 08:32:19.849: [INFO][Sync] All data types are ready for configure.
2026-05-30 08:32:19.849: [INFO][SyncManagerImpl::NudgeForInitialDownload] Initial download nudge for Passwords
2026-05-30 08:32:19.849: [INFO][SyncManagerImpl::ConfigureSyncer] Types to download:  with reason: 5
2026-05-30 08:32:19.849: [INFO][SyncEngineBackend::DoFinishConfigureDataTypes] Failed to download types:  and succeeded types: 
2026-05-30 08:32:19.849: [INFO][Sync] ConfigurationDone, failed: , succeeded: , remaining count: 4
2026-05-30 08:32:19.849: [INFO][Sync] Prepare to configure types: Passwords, Encryption Keys
2026-05-30 08:32:19.849: [INFO][SyncManagerImpl::ConfigureSyncer] Types to download: Passwords, Encryption Keys with reason: 5
2026-05-30 08:32:19.849: [INFO][SyncSchedulerImpl::DoConfigurationSyncCycleJob] Blocked types:  and types to download: Passwords, Encryption Keys
2026-05-30 08:32:19.951: [INFO][SyncEngineBackend::DoFinishConfigureDataTypes] Failed to download types:  and succeeded types: Passwords, Encryption Keys
2026-05-30 08:32:19.955: [INFO][Sync] ConfigurationDone, failed: , succeeded: Passwords, Encryption Keys, remaining count: 3
2026-05-30 08:32:19.955: [INFO][SyncManagerImpl::ConfigureSyncer] Types to download:  with reason: 5
2026-05-30 08:32:19.955: [INFO][SyncEngineBackend::DoFinishConfigureDataTypes] Failed to download types:  and succeeded types: 
2026-05-30 08:32:19.955: [INFO][Sync] ConfigurationDone, failed: , succeeded: , remaining count: 2
2026-05-30 08:32:19.955: [INFO][SyncManagerImpl::ConfigureSyncer] Types to download:  with reason: 5
2026-05-30 08:32:19.955: [INFO][SyncEngineBackend::DoFinishConfigureDataTypes] Failed to download types:  and succeeded types: 
2026-05-30 08:32:19.960: [INFO][Sync] ConfigurationDone, failed: , succeeded: , remaining count: 1
2026-05-30 08:32:19.964: [INFO][SyncManagerImpl::ConfigureSyncer] Types to download:  with reason: 5
2026-05-30 08:32:19.964: [INFO][SyncEngineBackend::DoFinishConfigureDataTypes] Failed to download types:  and succeeded types: 
2026-05-30 08:32:19.964: [INFO][Sync] ConfigurationDone, failed: , succeeded: , remaining count: 0
2026-05-30 08:32:19.968: [INFO][Sync]     Configuration completed, state: 7
2026-05-30 08:32:19.968: [INFO][Sync] Configured DataTypeManager: Ok
2026-05-30 08:32:19.974: [INFO][SyncEngineBackend::DoStartSyncing] Start syncing
2026-05-30 09:58:08.366: [INFO][Sync] Reset engine, reason: 0
2026-05-30 09:58:08.366: [INFO][Sync] Reset engine with reason: 0
2026-05-30 09:59:37.024: [INFO][Sync] Reset engine, reason: 8
2026-05-30 09:59:37.024: [INFO][Sync] Stopped: Bookmarks
2026-05-30 09:59:37.024: [INFO][Sync] Stopped: Preferences
2026-05-30 09:59:37.024: [INFO][Sync] Stopped: Passwords
2026-05-30 09:59:37.024: [INFO][Sync] Stopped: Autofill Profiles
2026-05-30 09:59:37.024: [INFO][Sync] Stopped: Autofill
2026-05-30 09:59:37.024: [INFO][Sync] Stopped: Extensions
2026-05-30 09:59:37.024: [INFO][Sync] Stopped: Sessions
2026-05-30 09:59:37.024: [INFO][Sync] Stopped: Extension settings
2026-05-30 09:59:37.024: [INFO][Sync] Stopped: History Delete Directives
2026-05-30 09:59:37.024: [INFO][Sync] Stopped: Device Info
2026-05-30 09:59:37.024: [INFO][Sync] Stopped: User Consents
2026-05-30 09:59:37.024: [INFO][Sync] Stopped: Send Tab To Self
2026-05-30 09:59:37.024: [INFO][Sync] Stopped: Web Apps
2026-05-30 09:59:37.024: [INFO][Sync] Stopped: History
2026-05-30 09:59:37.024: [INFO][Sync] Stopped: Saved Tab Group
2026-05-30 09:59:37.024: [INFO][Sync] Stopped: WebAuthn Credentials
2026-05-30 09:59:37.024: [INFO][Sync] Stopped: Collection
2026-05-30 09:59:37.024: [INFO][Sync] Stopped: Edge E Drop
2026-05-30 09:59:37.024: [INFO][Sync] Stopped: Edge Hub App Usage
2026-05-30 09:59:37.024: [INFO][Sync] Stopped: Edge Journey
2026-05-30 09:59:37.024: [INFO][Sync] Stopped: Edge Wallet
2026-05-30 09:59:37.024: [INFO][Sync] Stopped: Edge Workspace
2026-05-30 09:59:37.024: [INFO][Sync] SyncState after authenticated was: NotSignedIn
2026-05-30 09:59:37.341: [INFO][Sync] Reset engine, reason: 8
2026-05-30 09:59:37.341: [INFO][Sync] Stopped: Bookmarks
2026-05-30 09:59:37.341: [INFO][Sync] Stopped: Preferences
2026-05-30 09:59:37.341: [INFO][Sync] Stopped: Passwords
2026-05-30 09:59:37.341: [INFO][Sync] Stopped: Autofill Profiles
2026-05-30 09:59:37.341: [INFO][Sync] Stopped: Autofill
2026-05-30 09:59:37.341: [INFO][Sync] Stopped: Extensions
2026-05-30 09:59:37.341: [INFO][Sync] Stopped: Sessions
2026-05-30 09:59:37.341: [INFO][Sync] Stopped: Extension settings
2026-05-30 09:59:37.341: [INFO][Sync] Stopped: History Delete Directives
2026-05-30 09:59:37.341: [INFO][Sync] Stopped: Device Info
2026-05-30 09:59:37.341: [INFO][Sync] Stopped: User Consents
2026-05-30 09:59:37.341: [INFO][Sync] Stopped: Send Tab To Self
2026-05-30 09:59:37.341: [INFO][Sync] Stopped: Web Apps
2026-05-30 09:59:37.341: [INFO][Sync] Stopped: History
2026-05-30 09:59:37.341: [INFO][Sync] Stopped: Saved Tab Group
2026-05-30 09:59:37.341: [INFO][Sync] Stopped: WebAuthn Credentials
2026-05-30 09:59:37.341: [INFO][Sync] Stopped: Collection
2026-05-30 09:59:37.341: [INFO][Sync] Stopped: Edge E Drop
2026-05-30 09:59:37.341: [INFO][Sync] Stopped: Edge Hub App Usage
2026-05-30 09:59:37.341: [INFO][Sync] Stopped: Edge Journey
2026-05-30 09:59:37.341: [INFO][Sync] Stopped: Edge Wallet
2026-05-30 09:59:37.341: [INFO][Sync] Stopped: Edge Workspace
2026-05-30 09:59:39.270: [INFO][Sync] Try to start sync engine
2026-05-30 09:59:39.276: [INFO][SyncManagerImpl::NudgeForInitialDownload] Initial download nudge for Encryption Keys
2026-05-30 09:59:39.276: [INFO][SyncEngineBackend::LoadAndConnectNigoriController] Load and connect Nigori controller
2026-05-30 09:59:39.276: [INFO][SyncEngineBackend::DoInitialize] Control Types added: Encryption Keys
2026-05-30 09:59:39.277: [INFO][SyncManagerImpl::ConfigureSyncer] Types to download: Encryption Keys with reason: 3
2026-05-30 09:59:39.277: [INFO][SyncSchedulerImpl::DoConfigurationSyncCycleJob] Configure job was blocked
2026-05-30 09:59:39.330: [INFO][SyncAuthManager::SetLastAuthError] Current auth error: None
2026-05-30 09:59:39.330: [INFO][SyncAuthManager::EdgeLogTokenErrorState] Token error with: None for account type: MSA
2026-05-30 09:59:39.331: [INFO][Sync] Credentials changed for: EdgeSyncScopeNew
2026-05-30 09:59:39.982: [INFO][SyncAuthManager::SetLastAuthError] Current auth error: None
2026-05-30 09:59:39.983: [INFO][SyncAuthManager::EdgeLogTokenErrorState] Token error with: None for account type: MSA
2026-05-30 09:59:39.983: [INFO][Sync] Credentials changed for: EdgeSyncKeyDataScope
2026-05-30 09:59:39.983: [INFO][SyncEngineBackend::DoUpdateKeyDataCredentials] Update key data credentials
2026-05-30 09:59:39.983: [INFO][SyncEngineBackend::DoUpdateCredentials] Update credentials
2026-05-30 09:59:39.983: [INFO][SyncSchedulerImpl::DoConfigurationSyncCycleJob] Blocked types:  and types to download: Encryption Keys
2026-05-30 09:59:40.309: [INFO][Sync] Started DataTypeManager configuration, reason: 4
2026-05-30 09:59:40.309: [INFO][Sync] Configuring for: Bookmarks, Preferences, Passwords, Autofill Profiles, Autofill, Extensions, Sessions, Extension settings, History Delete Directives, Device Info, User Consents, Send Tab To Self, Web Apps, History, Saved Tab Group, WebAuthn Credentials, Collection, Edge E Drop, Edge Hub App Usage, Edge Wallet, Edge Workspace, Encryption Keys, reason: 4, current state: 0
2026-05-30 09:59:40.309: [WARN][Sync] Crypto error data types: Passwords, Autofill Profiles, Autofill
2026-05-30 09:59:40.315: [INFO][Sync] Configure, desired: Bookmarks, Preferences, Extensions, Sessions, Extension settings, History Delete Directives, Device Info, User Consents, Send Tab To Self, Web Apps, History, Saved Tab Group, WebAuthn Credentials, Collection, Edge E Drop, Edge Hub App Usage, Edge Wallet, Edge Workspace, Encryption Keys; Allow fail: Passwords, Autofill Profiles, Autofill
2026-05-30 09:59:40.315: [INFO][Sync] Loading: Bookmarks
2026-05-30 09:59:40.315: [INFO][Sync] Loading: Preferences
2026-05-30 09:59:40.315: [INFO][Sync] Loading: Extensions
2026-05-30 09:59:40.316: [INFO][Sync] Loading: Sessions
2026-05-30 09:59:40.316: [INFO][Sync] Loading: Extension settings
2026-05-30 09:59:40.316: [INFO][Sync] Loading: History Delete Directives
2026-05-30 09:59:40.316: [INFO][Sync] Loading: Device Info
2026-05-30 09:59:40.316: [INFO][Sync] Loading: User Consents
2026-05-30 09:59:40.316: [INFO][Sync] Loading: Send Tab To Self
2026-05-30 09:59:40.316: [INFO][Sync] Loading: Web Apps
2026-05-30 09:59:40.316: [INFO][Sync] Loading: History
2026-05-30 09:59:40.316: [INFO][Sync] Loading: Saved Tab Group
2026-05-30 09:59:40.316: [INFO][Sync] Loading: WebAuthn Credentials
2026-05-30 09:59:40.316: [INFO][Sync] Loading: Collection
2026-05-30 09:59:40.316: [INFO][Sync] Loading: Edge E Drop
2026-05-30 09:59:40.316: [INFO][Sync] Loading: Edge Hub App Usage
2026-05-30 09:59:40.316: [INFO][Sync] Loading: Edge Wallet
2026-05-30 09:59:40.316: [INFO][Sync] Loading: Edge Workspace
2026-05-30 09:59:40.337: [INFO][Sync] All data types are ready for configure.
2026-05-30 09:59:41.935: [INFO][Sync] Started DataTypeManager configuration, reason: 5
2026-05-30 09:59:41.935: [INFO][Sync] Configuring for: Bookmarks, Preferences, Passwords, Autofill Profiles, Autofill, Extensions, Sessions, Extension settings, History Delete Directives, Device Info, User Consents, Send Tab To Self, Web Apps, History, Saved Tab Group, WebAuthn Credentials, Collection, Edge E Drop, Edge Hub App Usage, Edge Wallet, Edge Workspace, Encryption Keys, reason: 5, current state: 1
2026-05-30 09:59:41.943: [INFO][SyncEngineBackend::DoStartConfiguration] Start configuration
2026-05-30 09:59:41.943: [INFO][SyncManagerImpl::NudgeForInitialDownload] Initial download nudge for Bookmarks
2026-05-30 09:59:41.943: [INFO][SyncManagerImpl::NudgeForInitialDownload] Initial download nudge for Preferences
2026-05-30 09:59:41.943: [INFO][SyncManagerImpl::NudgeForInitialDownload] Initial download nudge for Extensions
2026-05-30 09:59:41.943: [INFO][SyncManagerImpl::NudgeForInitialDownload] Initial download nudge for Sessions
2026-05-30 09:59:41.944: [INFO][SyncManagerImpl::NudgeForInitialDownload] Initial download nudge for Extension settings
2026-05-30 09:59:41.944: [INFO][SyncManagerImpl::NudgeForInitialDownload] Initial download nudge for History Delete Directives
2026-05-30 09:59:41.944: [INFO][SyncManagerImpl::NudgeForInitialDownload] Initial download nudge for Device Info
2026-05-30 09:59:41.944: [INFO][SyncManagerImpl::NudgeForInitialDownload] Initial download nudge for Send Tab To Self
2026-05-30 09:59:41.944: [INFO][SyncManagerImpl::NudgeForInitialDownload] Initial download nudge for Web Apps
2026-05-30 09:59:41.944: [INFO][SyncManagerImpl::NudgeForInitialDownload] Initial download nudge for History
2026-05-30 09:59:41.944: [INFO][SyncManagerImpl::NudgeForInitialDownload] Initial download nudge for Saved Tab Group
2026-05-30 09:59:41.944: [INFO][SyncManagerImpl::NudgeForInitialDownload] Initial download nudge for WebAuthn Credentials
2026-05-30 09:59:41.944: [INFO][SyncManagerImpl::NudgeForInitialDownload] Initial download nudge for Collection
2026-05-30 09:59:41.944: [INFO][SyncManagerImpl::NudgeForInitialDownload] Initial download nudge for Edge E Drop
2026-05-30 09:59:41.944: [INFO][SyncManagerImpl::NudgeForInitialDownload] Initial download nudge for Edge Hub App Usage
2026-05-30 09:59:41.944: [INFO][SyncManagerImpl::NudgeForInitialDownload] Initial download nudge for Edge Wallet
2026-05-30 09:59:41.944: [INFO][SyncManagerImpl::NudgeForInitialDownload] Initial download nudge for Edge Workspace
2026-05-30 09:59:41.944: [INFO][SyncManagerImpl::ConfigureSyncer] Types to download:  with reason: 4
2026-05-30 09:59:41.944: [INFO][SyncEngineBackend::DoFinishConfigureDataTypes] Failed to download types:  and succeeded types: 
2026-05-30 09:59:41.949: [INFO][Sync] ConfigurationDone, failed: , succeeded: , remaining count: 4
2026-05-30 09:59:41.949: [WARN][Sync]     Reconfigure requested while configuration ongoing.
2026-05-30 09:59:41.949: [INFO][Sync] Configuring for: Bookmarks, Preferences, Passwords, Autofill Profiles, Autofill, Extensions, Sessions, Extension settings, History Delete Directives, Device Info, User Consents, Send Tab To Self, Web Apps, History, Saved Tab Group, WebAuthn Credentials, Collection, Edge E Drop, Edge Hub App Usage, Edge Wallet, Edge Workspace, Encryption Keys, reason: 5, current state: 2
2026-05-30 09:59:41.949: [INFO][Sync] Configure, desired: Bookmarks, Preferences, Passwords, Autofill Profiles, Autofill, Extensions, Sessions, Extension settings, History Delete Directives, Device Info, User Consents, Send Tab To Self, Web Apps, History, Saved Tab Group, WebAuthn Credentials, Collection, Edge E Drop, Edge Hub App Usage, Edge Wallet, Edge Workspace, Encryption Keys; Allow fail: 
2026-05-30 09:59:41.949: [INFO][Sync] Loading: Passwords
2026-05-30 09:59:41.949: [INFO][Sync] Loading: Autofill Profiles
2026-05-30 09:59:41.949: [INFO][Sync] Loading: Autofill
2026-05-30 09:59:41.949: [INFO][Sync] All data types are ready for configure.
2026-05-30 09:59:41.949: [INFO][SyncManagerImpl::NudgeForInitialDownload] Initial download nudge for Passwords
2026-05-30 09:59:41.950: [INFO][SyncManagerImpl::NudgeForInitialDownload] Initial download nudge for Autofill Profiles
2026-05-30 09:59:41.950: [INFO][SyncManagerImpl::NudgeForInitialDownload] Initial download nudge for Autofill
2026-05-30 09:59:41.950: [INFO][SyncManagerImpl::ConfigureSyncer] Types to download:  with reason: 5
2026-05-30 09:59:41.950: [INFO][SyncEngineBackend::DoFinishConfigureDataTypes] Failed to download types:  and succeeded types: 
2026-05-30 09:59:41.950: [INFO][Sync] ConfigurationDone, failed: , succeeded: , remaining count: 4
2026-05-30 09:59:41.950: [INFO][Sync] Prepare to configure types: Preferences, Passwords, Device Info, Send Tab To Self, Edge E Drop, Encryption Keys
2026-05-30 09:59:41.950: [INFO][SyncManagerImpl::ConfigureSyncer] Types to download: Preferences, Passwords, Device Info, Send Tab To Self, Edge E Drop, Encryption Keys with reason: 5
2026-05-30 09:59:41.950: [INFO][SyncSchedulerImpl::DoConfigurationSyncCycleJob] Blocked types:  and types to download: Preferences, Passwords, Device Info, Send Tab To Self, Edge E Drop, Encryption Keys
2026-05-30 09:59:42.170: [INFO][SyncEngineBackend::DoFinishConfigureDataTypes] Failed to download types:  and succeeded types: Preferences, Passwords, Device Info, Send Tab To Self, Edge E Drop, Encryption Keys
2026-05-30 09:59:42.182: [INFO][Sync] ConfigurationDone, failed: , succeeded: Preferences, Passwords, Device Info, Send Tab To Self, Edge E Drop, Encryption Keys, remaining count: 3
2026-05-30 09:59:42.182: [INFO][Sync] Prepare to configure types: Bookmarks, Encryption Keys
2026-05-30 09:59:42.182: [INFO][SyncManagerImpl::ConfigureSyncer] Types to download: Bookmarks, Encryption Keys with reason: 5
2026-05-30 09:59:42.182: [INFO][SyncSchedulerImpl::DoConfigurationSyncCycleJob] Blocked types:  and types to download: Bookmarks, Encryption Keys
2026-05-30 09:59:42.294: [INFO][SyncEngineBackend::DoFinishConfigureDataTypes] Failed to download types:  and succeeded types: Bookmarks, Encryption Keys
2026-05-30 09:59:42.300: [INFO][Sync] ConfigurationDone, failed: , succeeded: Bookmarks, Encryption Keys, remaining count: 2
2026-05-30 09:59:42.300: [INFO][Sync] Prepare to configure types: Autofill Profiles, Autofill, Extensions, Sessions, Extension settings, History Delete Directives, Web Apps, Saved Tab Group, WebAuthn Credentials, Collection, Edge Hub App Usage, Edge Wallet, Edge Workspace, Encryption Keys
2026-05-30 09:59:42.300: [INFO][SyncManagerImpl::ConfigureSyncer] Types to download: Autofill Profiles, Autofill, Extensions, Sessions, Extension settings, History Delete Directives, Web Apps, Saved Tab Group, WebAuthn Credentials, Collection, Edge Hub App Usage, Edge Wallet, Edge Workspace, Encryption Keys with reason: 5
2026-05-30 09:59:42.300: [INFO][SyncSchedulerImpl::DoConfigurationSyncCycleJob] Blocked types:  and types to download: Autofill Profiles, Autofill, Extensions, Sessions, Extension settings, History Delete Directives, Web Apps, Saved Tab Group, WebAuthn Credentials, Collection, Edge Hub App Usage, Edge Wallet, Edge Workspace, Encryption Keys
2026-05-30 09:59:42.494: [INFO][SyncEngineBackend::DoFinishConfigureDataTypes] Failed to download types:  and succeeded types: Autofill Profiles, Autofill, Extensions, Sessions, Extension settings, History Delete Directives, Web Apps, Saved Tab Group, WebAuthn Credentials, Collection, Edge Hub App Usage, Edge Wallet, Edge Workspace, Encryption Keys
2026-05-30 09:59:42.500: [INFO][Sync] ConfigurationDone, failed: , succeeded: Autofill Profiles, Autofill, Extensions, Sessions, Extension settings, History Delete Directives, Web Apps, Saved Tab Group, WebAuthn Credentials, Collection, Edge Hub App Usage, Edge Wallet, Edge Workspace, Encryption Keys, remaining count: 1
2026-05-30 09:59:42.506: [INFO][Sync] Prepare to configure types: History, Encryption Keys
2026-05-30 09:59:42.506: [INFO][SyncManagerImpl::ConfigureSyncer] Types to download: History, Encryption Keys with reason: 5
2026-05-30 09:59:42.507: [INFO][SyncSchedulerImpl::DoConfigurationSyncCycleJob] Blocked types:  and types to download: History, Encryption Keys
2026-05-30 09:59:42.784: [INFO][SyncEngineBackend::DoFinishConfigureDataTypes] Failed to download types:  and succeeded types: History, Encryption Keys
2026-05-30 09:59:42.791: [INFO][Sync] ConfigurationDone, failed: , succeeded: History, Encryption Keys, remaining count: 0
2026-05-30 09:59:42.796: [INFO][Sync]     Configuration completed, state: 7
2026-05-30 09:59:42.797: [INFO][Sync] Configured DataTypeManager: Ok
2026-05-30 09:59:42.805: [INFO][SyncEngineBackend::DoStartSyncing] Start syncing
2026-05-30 10:01:25.488: [INFO][Sync] Reset engine, reason: 0
2026-05-30 10:01:25.488: [INFO][Sync] Reset engine with reason: 0
2026-05-30 10:01:58.709: [INFO][Sync] SyncState after authenticated was: FeatureCanStart
2026-05-30 10:01:59.208: [INFO][SyncAuthManager::SetLastAuthError] Current auth error: None
2026-05-30 10:01:59.208: [INFO][SyncAuthManager::EdgeLogTokenErrorState] Token error with: None for account type: MSA
2026-05-30 10:01:59.208: [INFO][Sync] Credentials changed for: EdgeSyncKeyDataScope
2026-05-30 10:02:07.478: [INFO][Sync] Try to start sync engine
2026-05-30 10:02:07.553: [INFO][SyncManagerImpl::NudgeForInitialDownload] Initial download nudge for Encryption Keys
2026-05-30 10:02:07.553: [INFO][SyncEngineBackend::LoadAndConnectNigoriController] Load and connect Nigori controller
2026-05-30 10:02:07.553: [INFO][SyncEngineBackend::DoInitialize] Control Types added: Encryption Keys
2026-05-30 10:02:07.553: [INFO][SyncManagerImpl::ConfigureSyncer] Types to download: Encryption Keys with reason: 3
2026-05-30 10:02:07.553: [INFO][SyncEngineBackend::DoUpdateKeyDataCredentials] Update key data credentials
2026-05-30 10:02:07.553: [INFO][SyncSchedulerImpl::DoConfigurationSyncCycleJob] Configure job was blocked
2026-05-30 10:02:07.558: [INFO][SyncAuthManager::SetLastAuthError] Current auth error: None
2026-05-30 10:02:07.558: [INFO][SyncAuthManager::EdgeLogTokenErrorState] Token error with: None for account type: MSA
2026-05-30 10:02:07.558: [INFO][Sync] Credentials changed for: EdgeSyncScopeNew
2026-05-30 10:02:07.558: [INFO][SyncEngineBackend::DoUpdateCredentials] Update credentials
2026-05-30 10:02:07.558: [INFO][SyncEngineBackend::DoUpdateKeyDataCredentials] Update key data credentials
2026-05-30 10:02:07.559: [INFO][SyncSchedulerImpl::DoConfigurationSyncCycleJob] Blocked types:  and types to download: Encryption Keys
2026-05-30 10:02:07.700: [INFO][Sync] Started DataTypeManager configuration, reason: 4
2026-05-30 10:02:07.700: [INFO][Sync] Configuring for: Bookmarks, Preferences, Passwords, Autofill Profiles, Autofill, Extensions, Sessions, Extension settings, History Delete Directives, Device Info, User Consents, Send Tab To Self, Web Apps, History, Saved Tab Group, WebAuthn Credentials, Collection, Edge E Drop, Edge Hub App Usage, Edge Wallet, Edge Workspace, Encryption Keys, reason: 4, current state: 0
2026-05-30 10:02:07.700: [WARN][Sync] Crypto error data types: Passwords, Autofill Profiles, Autofill
2026-05-30 10:02:07.704: [INFO][Sync] Configure, desired: Bookmarks, Preferences, Extensions, Sessions, Extension settings, History Delete Directives, Device Info, User Consents, Send Tab To Self, Web Apps, History, Saved Tab Group, WebAuthn Credentials, Collection, Edge E Drop, Edge Hub App Usage, Edge Wallet, Edge Workspace, Encryption Keys; Allow fail: Passwords, Autofill Profiles, Autofill
2026-05-30 10:02:07.704: [INFO][Sync] Loading: Bookmarks
2026-05-30 10:02:07.704: [INFO][Sync] Loading: Preferences
2026-05-30 10:02:07.704: [INFO][Sync] Loading: Extensions
2026-05-30 10:02:07.704: [INFO][Sync] Loading: Sessions
2026-05-30 10:02:07.704: [INFO][Sync] Loading: Extension settings
2026-05-30 10:02:07.704: [INFO][Sync] Loading: History Delete Directives
2026-05-30 10:02:07.704: [INFO][Sync] Loading: Device Info
2026-05-30 10:02:07.704: [INFO][Sync] Loading: User Consents
2026-05-30 10:02:07.704: [INFO][Sync] Loading: Send Tab To Self
2026-05-30 10:02:07.704: [INFO][Sync] Loading: Web Apps
2026-05-30 10:02:07.704: [INFO][Sync] Loading: History
2026-05-30 10:02:07.704: [INFO][Sync] Loading: Saved Tab Group
2026-05-30 10:02:07.704: [INFO][Sync] Loading: WebAuthn Credentials
2026-05-30 10:02:07.704: [INFO][Sync] Loading: Collection
2026-05-30 10:02:07.704: [INFO][Sync] Loading: Edge E Drop
2026-05-30 10:02:07.704: [INFO][Sync] Loading: Edge Hub App Usage
2026-05-30 10:02:07.704: [INFO][Sync] Loading: Edge Wallet
2026-05-30 10:02:07.704: [INFO][Sync] Loading: Edge Workspace
2026-05-30 10:02:07.714: [INFO][Sync] All data types are ready for configure.
2026-05-30 10:02:09.343: [INFO][Sync] Started DataTypeManager configuration, reason: 5
2026-05-30 10:02:09.344: [INFO][SyncEngineBackend::DoStartConfiguration] Start configuration
2026-05-30 10:02:09.344: [INFO][Sync] Configuring for: Bookmarks, Preferences, Passwords, Autofill Profiles, Autofill, Extensions, Sessions, Extension settings, History Delete Directives, Device Info, User Consents, Send Tab To Self, Web Apps, History, Saved Tab Group, WebAuthn Credentials, Collection, Edge E Drop, Edge Hub App Usage, Edge Wallet, Edge Workspace, Encryption Keys, reason: 5, current state: 1
2026-05-30 10:02:09.344: [INFO][SyncManagerImpl::ConfigureSyncer] Types to download:  with reason: 4
2026-05-30 10:02:09.344: [INFO][SyncEngineBackend::DoFinishConfigureDataTypes] Failed to download types:  and succeeded types: 
2026-05-30 10:02:09.347: [INFO][Sync] ConfigurationDone, failed: , succeeded: , remaining count: 4
2026-05-30 10:02:09.347: [WARN][Sync]     Reconfigure requested while configuration ongoing.
2026-05-30 10:02:09.347: [INFO][Sync] Configuring for: Bookmarks, Preferences, Passwords, Autofill Profiles, Autofill, Extensions, Sessions, Extension settings, History Delete Directives, Device Info, User Consents, Send Tab To Self, Web Apps, History, Saved Tab Group, WebAuthn Credentials, Collection, Edge E Drop, Edge Hub App Usage, Edge Wallet, Edge Workspace, Encryption Keys, reason: 5, current state: 2
2026-05-30 10:02:09.347: [INFO][Sync] Configure, desired: Bookmarks, Preferences, Passwords, Autofill Profiles, Autofill, Extensions, Sessions, Extension settings, History Delete Directives, Device Info, User Consents, Send Tab To Self, Web Apps, History, Saved Tab Group, WebAuthn Credentials, Collection, Edge E Drop, Edge Hub App Usage, Edge Wallet, Edge Workspace, Encryption Keys; Allow fail: 
2026-05-30 10:02:09.347: [INFO][Sync] Loading: Passwords
2026-05-30 10:02:09.347: [INFO][Sync] Loading: Autofill Profiles
2026-05-30 10:02:09.347: [INFO][Sync] Loading: Autofill
2026-05-30 10:02:09.347: [INFO][Sync] All data types are ready for configure.
2026-05-30 10:02:09.348: [INFO][SyncManagerImpl::NudgeForInitialDownload] Initial download nudge for Passwords
2026-05-30 10:02:09.348: [INFO][SyncManagerImpl::ConfigureSyncer] Types to download:  with reason: 5
2026-05-30 10:02:09.348: [INFO][SyncEngineBackend::DoFinishConfigureDataTypes] Failed to download types:  and succeeded types: 
2026-05-30 10:02:09.348: [INFO][Sync] ConfigurationDone, failed: , succeeded: , remaining count: 4
2026-05-30 10:02:09.348: [INFO][Sync] Prepare to configure types: Passwords, Encryption Keys
2026-05-30 10:02:09.348: [INFO][SyncManagerImpl::ConfigureSyncer] Types to download: Passwords, Encryption Keys with reason: 5
2026-05-30 10:02:09.348: [INFO][SyncSchedulerImpl::DoConfigurationSyncCycleJob] Blocked types:  and types to download: Passwords, Encryption Keys
2026-05-30 10:02:09.472: [INFO][SyncEngineBackend::DoFinishConfigureDataTypes] Failed to download types:  and succeeded types: Passwords, Encryption Keys
2026-05-30 10:02:09.476: [INFO][Sync] ConfigurationDone, failed: , succeeded: Passwords, Encryption Keys, remaining count: 3
2026-05-30 10:02:09.476: [INFO][SyncManagerImpl::ConfigureSyncer] Types to download:  with reason: 5
2026-05-30 10:02:09.476: [INFO][SyncEngineBackend::DoFinishConfigureDataTypes] Failed to download types:  and succeeded types: 
2026-05-30 10:02:09.477: [INFO][Sync] ConfigurationDone, failed: , succeeded: , remaining count: 2
2026-05-30 10:02:09.477: [INFO][SyncManagerImpl::ConfigureSyncer] Types to download:  with reason: 5
2026-05-30 10:02:09.477: [INFO][SyncEngineBackend::DoFinishConfigureDataTypes] Failed to download types:  and succeeded types: 
2026-05-30 10:02:09.482: [INFO][Sync] ConfigurationDone, failed: , succeeded: , remaining count: 1
2026-05-30 10:02:09.486: [INFO][SyncManagerImpl::ConfigureSyncer] Types to download:  with reason: 5
2026-05-30 10:02:09.486: [INFO][SyncEngineBackend::DoFinishConfigureDataTypes] Failed to download types:  and succeeded types: 
2026-05-30 10:02:09.486: [INFO][Sync] ConfigurationDone, failed: , succeeded: , remaining count: 0
2026-05-30 10:02:09.490: [INFO][Sync]     Configuration completed, state: 7
2026-05-30 10:02:09.490: [INFO][Sync] Configured DataTypeManager: Ok
2026-05-30 10:02:09.494: [INFO][SyncEngineBackend::DoStartSyncing] Start syncing
2026-05-30 10:46:00.866: [INFO][Sync] Reset engine, reason: 0
2026-05-30 10:46:00.866: [INFO][Sync] Reset engine with reason: 0
2026-05-30 11:52:24.878: [INFO][Sync] Reset engine, reason: 8
2026-05-30 11:52:24.878: [INFO][Sync] Stopped: Bookmarks
2026-05-30 11:52:24.878: [INFO][Sync] Stopped: Preferences
2026-05-30 11:52:24.878: [INFO][Sync] Stopped: Passwords
2026-05-30 11:52:24.878: [INFO][Sync] Stopped: Autofill Profiles
2026-05-30 11:52:24.878: [INFO][Sync] Stopped: Autofill
2026-05-30 11:52:24.878: [INFO][Sync] Stopped: Extensions
2026-05-30 11:52:24.878: [INFO][Sync] Stopped: Sessions
2026-05-30 11:52:24.878: [INFO][Sync] Stopped: Extension settings
2026-05-30 11:52:24.878: [INFO][Sync] Stopped: History Delete Directives
2026-05-30 11:52:24.878: [INFO][Sync] Stopped: Device Info
2026-05-30 11:52:24.878: [INFO][Sync] Stopped: User Consents
2026-05-30 11:52:24.878: [INFO][Sync] Stopped: Send Tab To Self
2026-05-30 11:52:24.878: [INFO][Sync] Stopped: Web Apps
2026-05-30 11:52:24.878: [INFO][Sync] Stopped: History
2026-05-30 11:52:24.878: [INFO][Sync] Stopped: Saved Tab Group
2026-05-30 11:52:24.878: [INFO][Sync] Stopped: WebAuthn Credentials
2026-05-30 11:52:24.878: [INFO][Sync] Stopped: Collection
2026-05-30 11:52:24.878: [INFO][Sync] Stopped: Edge E Drop
2026-05-30 11:52:24.878: [INFO][Sync] Stopped: Edge Hub App Usage
2026-05-30 11:52:24.878: [INFO][Sync] Stopped: Edge Journey
2026-05-30 11:52:24.878: [INFO][Sync] Stopped: Edge Wallet
2026-05-30 11:52:24.878: [INFO][Sync] Stopped: Edge Workspace
2026-05-30 11:52:24.878: [INFO][Sync] SyncState after authenticated was: NotSignedIn
2026-05-30 11:52:25.106: [INFO][Sync] Reset engine, reason: 8
2026-05-30 11:52:25.106: [INFO][Sync] Stopped: Bookmarks
2026-05-30 11:52:25.106: [INFO][Sync] Stopped: Preferences
2026-05-30 11:52:25.106: [INFO][Sync] Stopped: Passwords
2026-05-30 11:52:25.106: [INFO][Sync] Stopped: Autofill Profiles
2026-05-30 11:52:25.106: [INFO][Sync] Stopped: Autofill
2026-05-30 11:52:25.106: [INFO][Sync] Stopped: Extensions
2026-05-30 11:52:25.106: [INFO][Sync] Stopped: Sessions
2026-05-30 11:52:25.106: [INFO][Sync] Stopped: Extension settings
2026-05-30 11:52:25.106: [INFO][Sync] Stopped: History Delete Directives
2026-05-30 11:52:25.106: [INFO][Sync] Stopped: Device Info
2026-05-30 11:52:25.106: [INFO][Sync] Stopped: User Consents
2026-05-30 11:52:25.106: [INFO][Sync] Stopped: Send Tab To Self
2026-05-30 11:52:25.106: [INFO][Sync] Stopped: Web Apps
2026-05-30 11:52:25.106: [INFO][Sync] Stopped: History
2026-05-30 11:52:25.106: [INFO][Sync] Stopped: Saved Tab Group
2026-05-30 11:52:25.106: [INFO][Sync] Stopped: WebAuthn Credentials
2026-05-30 11:52:25.106: [INFO][Sync] Stopped: Collection
2026-05-30 11:52:25.106: [INFO][Sync] Stopped: Edge E Drop
2026-05-30 11:52:25.106: [INFO][Sync] Stopped: Edge Hub App Usage
2026-05-30 11:52:25.106: [INFO][Sync] Stopped: Edge Journey
2026-05-30 11:52:25.106: [INFO][Sync] Stopped: Edge Wallet
2026-05-30 11:52:25.106: [INFO][Sync] Stopped: Edge Workspace
2026-05-30 11:52:28.866: [INFO][Sync] Try to start sync engine
2026-05-30 11:52:28.867: [INFO][SyncManagerImpl::NudgeForInitialDownload] Initial download nudge for Encryption Keys
2026-05-30 11:52:28.867: [INFO][SyncEngineBackend::LoadAndConnectNigoriController] Load and connect Nigori controller
2026-05-30 11:52:28.867: [INFO][SyncEngineBackend::DoInitialize] Control Types added: Encryption Keys
2026-05-30 11:52:28.867: [INFO][SyncManagerImpl::ConfigureSyncer] Types to download: Encryption Keys with reason: 3
2026-05-30 11:52:28.867: [INFO][SyncSchedulerImpl::DoConfigurationSyncCycleJob] Configure job was blocked
2026-05-30 11:52:28.909: [INFO][SyncAuthManager::SetLastAuthError] Current auth error: None
2026-05-30 11:52:28.909: [INFO][SyncAuthManager::EdgeLogTokenErrorState] Token error with: None for account type: MSA
2026-05-30 11:52:28.909: [INFO][Sync] Credentials changed for: EdgeSyncScopeNew
2026-05-30 11:52:29.533: [INFO][SyncAuthManager::SetLastAuthError] Current auth error: None
2026-05-30 11:52:29.533: [INFO][SyncAuthManager::EdgeLogTokenErrorState] Token error with: None for account type: MSA
2026-05-30 11:52:29.533: [INFO][Sync] Credentials changed for: EdgeSyncKeyDataScope
2026-05-30 11:52:29.533: [INFO][SyncEngineBackend::DoUpdateKeyDataCredentials] Update key data credentials
2026-05-30 11:52:29.533: [INFO][SyncEngineBackend::DoUpdateCredentials] Update credentials
2026-05-30 11:52:29.533: [INFO][SyncSchedulerImpl::DoConfigurationSyncCycleJob] Blocked types:  and types to download: Encryption Keys
2026-05-30 11:52:29.855: [INFO][Sync] Started DataTypeManager configuration, reason: 4
2026-05-30 11:52:29.856: [INFO][Sync] Configuring for: Bookmarks, Preferences, Passwords, Autofill Profiles, Autofill, Extensions, Sessions, Extension settings, History Delete Directives, Device Info, User Consents, Send Tab To Self, Web Apps, History, Saved Tab Group, WebAuthn Credentials, Collection, Edge E Drop, Edge Hub App Usage, Edge Wallet, Edge Workspace, Encryption Keys, reason: 4, current state: 0
2026-05-30 11:52:29.856: [WARN][Sync] Crypto error data types: Passwords, Autofill Profiles, Autofill
2026-05-30 11:52:29.860: [INFO][Sync] Configure, desired: Bookmarks, Preferences, Extensions, Sessions, Extension settings, History Delete Directives, Device Info, User Consents, Send Tab To Self, Web Apps, History, Saved Tab Group, WebAuthn Credentials, Collection, Edge E Drop, Edge Hub App Usage, Edge Wallet, Edge Workspace, Encryption Keys; Allow fail: Passwords, Autofill Profiles, Autofill
2026-05-30 11:52:29.860: [INFO][Sync] Loading: Bookmarks
2026-05-30 11:52:29.860: [INFO][Sync] Loading: Preferences
2026-05-30 11:52:29.860: [INFO][Sync] Loading: Extensions
2026-05-30 11:52:29.861: [INFO][Sync] Loading: Sessions
2026-05-30 11:52:29.861: [INFO][Sync] Loading: Extension settings
2026-05-30 11:52:29.861: [INFO][Sync] Loading: History Delete Directives
2026-05-30 11:52:29.861: [INFO][Sync] Loading: Device Info
2026-05-30 11:52:29.861: [INFO][Sync] Loading: User Consents
2026-05-30 11:52:29.861: [INFO][Sync] Loading: Send Tab To Self
2026-05-30 11:52:29.861: [INFO][Sync] Loading: Web Apps
2026-05-30 11:52:29.861: [INFO][Sync] Loading: History
2026-05-30 11:52:29.861: [INFO][Sync] Loading: Saved Tab Group
2026-05-30 11:52:29.861: [INFO][Sync] Loading: WebAuthn Credentials
2026-05-30 11:52:29.861: [INFO][Sync] Loading: Collection
2026-05-30 11:52:29.861: [INFO][Sync] Loading: Edge E Drop
2026-05-30 11:52:29.861: [INFO][Sync] Loading: Edge Hub App Usage
2026-05-30 11:52:29.861: [INFO][Sync] Loading: Edge Wallet
2026-05-30 11:52:29.861: [INFO][Sync] Loading: Edge Workspace
2026-05-30 11:52:29.873: [INFO][Sync] All data types are ready for configure.
2026-05-30 11:52:30.432: [INFO][Sync] Started DataTypeManager configuration, reason: 5
2026-05-30 11:52:30.432: [INFO][Sync] Configuring for: Bookmarks, Preferences, Passwords, Autofill Profiles, Autofill, Extensions, Sessions, Extension settings, History Delete Directives, Device Info, User Consents, Send Tab To Self, Web Apps, History, Saved Tab Group, WebAuthn Credentials, Collection, Edge E Drop, Edge Hub App Usage, Edge Wallet, Edge Workspace, Encryption Keys, reason: 5, current state: 1
2026-05-30 11:52:30.432: [INFO][SyncEngineBackend::DoStartConfiguration] Start configuration
2026-05-30 11:52:30.432: [INFO][SyncManagerImpl::NudgeForInitialDownload] Initial download nudge for Bookmarks
2026-05-30 11:52:30.432: [INFO][SyncManagerImpl::NudgeForInitialDownload] Initial download nudge for Preferences
2026-05-30 11:52:30.432: [INFO][SyncManagerImpl::NudgeForInitialDownload] Initial download nudge for Extensions
2026-05-30 11:52:30.433: [INFO][SyncManagerImpl::NudgeForInitialDownload] Initial download nudge for Sessions
2026-05-30 11:52:30.433: [INFO][SyncManagerImpl::NudgeForInitialDownload] Initial download nudge for Extension settings
2026-05-30 11:52:30.433: [INFO][SyncManagerImpl::NudgeForInitialDownload] Initial download nudge for History Delete Directives
2026-05-30 11:52:30.433: [INFO][SyncManagerImpl::NudgeForInitialDownload] Initial download nudge for Device Info
2026-05-30 11:52:30.433: [INFO][SyncManagerImpl::NudgeForInitialDownload] Initial download nudge for Send Tab To Self
2026-05-30 11:52:30.433: [INFO][SyncManagerImpl::NudgeForInitialDownload] Initial download nudge for Web Apps
2026-05-30 11:52:30.433: [INFO][SyncManagerImpl::NudgeForInitialDownload] Initial download nudge for History
2026-05-30 11:52:30.433: [INFO][SyncManagerImpl::NudgeForInitialDownload] Initial download nudge for Saved Tab Group
2026-05-30 11:52:30.433: [INFO][SyncManagerImpl::NudgeForInitialDownload] Initial download nudge for WebAuthn Credentials
2026-05-30 11:52:30.433: [INFO][SyncManagerImpl::NudgeForInitialDownload] Initial download nudge for Collection
2026-05-30 11:52:30.433: [INFO][SyncManagerImpl::NudgeForInitialDownload] Initial download nudge for Edge E Drop
2026-05-30 11:52:30.433: [INFO][SyncManagerImpl::NudgeForInitialDownload] Initial download nudge for Edge Hub App Usage
2026-05-30 11:52:30.433: [INFO][SyncManagerImpl::NudgeForInitialDownload] Initial download nudge for Edge Wallet
2026-05-30 11:52:30.433: [INFO][SyncManagerImpl::NudgeForInitialDownload] Initial download nudge for Edge Workspace
2026-05-30 11:52:30.433: [INFO][SyncManagerImpl::ConfigureSyncer] Types to download:  with reason: 4
2026-05-30 11:52:30.433: [INFO][SyncEngineBackend::DoFinishConfigureDataTypes] Failed to download types:  and succeeded types: 
2026-05-30 11:52:30.437: [INFO][Sync] ConfigurationDone, failed: , succeeded: , remaining count: 4
2026-05-30 11:52:30.437: [WARN][Sync]     Reconfigure requested while configuration ongoing.
2026-05-30 11:52:30.437: [INFO][Sync] Configuring for: Bookmarks, Preferences, Passwords, Autofill Profiles, Autofill, Extensions, Sessions, Extension settings, History Delete Directives, Device Info, User Consents, Send Tab To Self, Web Apps, History, Saved Tab Group, WebAuthn Credentials, Collection, Edge E Drop, Edge Hub App Usage, Edge Wallet, Edge Workspace, Encryption Keys, reason: 5, current state: 2
2026-05-30 11:52:30.437: [INFO][Sync] Configure, desired: Bookmarks, Preferences, Passwords, Autofill Profiles, Autofill, Extensions, Sessions, Extension settings, History Delete Directives, Device Info, User Consents, Send Tab To Self, Web Apps, History, Saved Tab Group, WebAuthn Credentials, Collection, Edge E Drop, Edge Hub App Usage, Edge Wallet, Edge Workspace, Encryption Keys; Allow fail: 
2026-05-30 11:52:30.437: [INFO][Sync] Loading: Passwords
2026-05-30 11:52:30.437: [INFO][Sync] Loading: Autofill Profiles
2026-05-30 11:52:30.437: [INFO][Sync] Loading: Autofill
2026-05-30 11:52:30.437: [INFO][Sync] All data types are ready for configure.
2026-05-30 11:52:30.437: [INFO][SyncManagerImpl::NudgeForInitialDownload] Initial download nudge for Passwords
2026-05-30 11:52:30.437: [INFO][SyncManagerImpl::NudgeForInitialDownload] Initial download nudge for Autofill Profiles
2026-05-30 11:52:30.437: [INFO][SyncManagerImpl::NudgeForInitialDownload] Initial download nudge for Autofill
2026-05-30 11:52:30.437: [INFO][SyncManagerImpl::ConfigureSyncer] Types to download:  with reason: 5
2026-05-30 11:52:30.437: [INFO][SyncEngineBackend::DoFinishConfigureDataTypes] Failed to download types:  and succeeded types: 
2026-05-30 11:52:30.438: [INFO][Sync] ConfigurationDone, failed: , succeeded: , remaining count: 4
2026-05-30 11:52:30.438: [INFO][Sync] Prepare to configure types: Preferences, Passwords, Device Info, Send Tab To Self, Edge E Drop, Encryption Keys
2026-05-30 11:52:30.438: [INFO][SyncManagerImpl::ConfigureSyncer] Types to download: Preferences, Passwords, Device Info, Send Tab To Self, Edge E Drop, Encryption Keys with reason: 5
2026-05-30 11:52:30.438: [INFO][SyncSchedulerImpl::DoConfigurationSyncCycleJob] Blocked types:  and types to download: Preferences, Passwords, Device Info, Send Tab To Self, Edge E Drop, Encryption Keys
2026-05-30 11:52:30.624: [INFO][SyncEngineBackend::DoFinishConfigureDataTypes] Failed to download types:  and succeeded types: Preferences, Passwords, Device Info, Send Tab To Self, Edge E Drop, Encryption Keys
2026-05-30 11:52:30.629: [INFO][Sync] ConfigurationDone, failed: , succeeded: Preferences, Passwords, Device Info, Send Tab To Self, Edge E Drop, Encryption Keys, remaining count: 3
2026-05-30 11:52:30.629: [INFO][Sync] Prepare to configure types: Bookmarks, Encryption Keys
2026-05-30 11:52:30.629: [INFO][SyncManagerImpl::ConfigureSyncer] Types to download: Bookmarks, Encryption Keys with reason: 5
2026-05-30 11:52:30.629: [INFO][SyncSchedulerImpl::DoConfigurationSyncCycleJob] Blocked types:  and types to download: Bookmarks, Encryption Keys
2026-05-30 11:52:30.738: [INFO][SyncEngineBackend::DoFinishConfigureDataTypes] Failed to download types:  and succeeded types: Bookmarks, Encryption Keys
2026-05-30 11:52:30.742: [INFO][Sync] ConfigurationDone, failed: , succeeded: Bookmarks, Encryption Keys, remaining count: 2
2026-05-30 11:52:30.742: [INFO][Sync] Prepare to configure types: Autofill Profiles, Autofill, Extensions, Sessions, Extension settings, History Delete Directives, Web Apps, Saved Tab Group, WebAuthn Credentials, Collection, Edge Hub App Usage, Edge Wallet, Edge Workspace, Encryption Keys
2026-05-30 11:52:30.742: [INFO][SyncManagerImpl::ConfigureSyncer] Types to download: Autofill Profiles, Autofill, Extensions, Sessions, Extension settings, History Delete Directives, Web Apps, Saved Tab Group, WebAuthn Credentials, Collection, Edge Hub App Usage, Edge Wallet, Edge Workspace, Encryption Keys with reason: 5
2026-05-30 11:52:30.742: [INFO][SyncSchedulerImpl::DoConfigurationSyncCycleJob] Blocked types:  and types to download: Autofill Profiles, Autofill, Extensions, Sessions, Extension settings, History Delete Directives, Web Apps, Saved Tab Group, WebAuthn Credentials, Collection, Edge Hub App Usage, Edge Wallet, Edge Workspace, Encryption Keys
2026-05-30 11:52:30.991: [INFO][SyncEngineBackend::DoFinishConfigureDataTypes] Failed to download types:  and succeeded types: Autofill Profiles, Autofill, Extensions, Sessions, Extension settings, History Delete Directives, Web Apps, Saved Tab Group, WebAuthn Credentials, Collection, Edge Hub App Usage, Edge Wallet, Edge Workspace, Encryption Keys
2026-05-30 11:52:30.995: [INFO][Sync] ConfigurationDone, failed: , succeeded: Autofill Profiles, Autofill, Extensions, Sessions, Extension settings, History Delete Directives, Web Apps, Saved Tab Group, WebAuthn Credentials, Collection, Edge Hub App Usage, Edge Wallet, Edge Workspace, Encryption Keys, remaining count: 1
2026-05-30 11:52:30.999: [INFO][Sync] Prepare to configure types: History, Encryption Keys
2026-05-30 11:52:30.999: [INFO][SyncManagerImpl::ConfigureSyncer] Types to download: History, Encryption Keys with reason: 5
2026-05-30 11:52:30.999: [INFO][SyncSchedulerImpl::DoConfigurationSyncCycleJob] Blocked types:  and types to download: History, Encryption Keys
2026-05-30 11:52:31.310: [INFO][SyncEngineBackend::DoFinishConfigureDataTypes] Failed to download types:  and succeeded types: History, Encryption Keys
2026-05-30 11:52:31.316: [INFO][Sync] ConfigurationDone, failed: , succeeded: History, Encryption Keys, remaining count: 0
2026-05-30 11:52:31.321: [INFO][Sync]     Configuration completed, state: 7
2026-05-30 11:52:31.321: [INFO][Sync] Configured DataTypeManager: Ok
2026-05-30 11:52:31.327: [INFO][SyncEngineBackend::DoStartSyncing] Start syncing
2026-05-30 11:57:48.581: [INFO][Sync] Reset engine, reason: 0
2026-05-30 11:57:48.581: [INFO][Sync] Reset engine with reason: 0
2026-05-30 11:58:20.012: [INFO][Sync] SyncState after authenticated was: FeatureCanStart
2026-05-30 11:58:21.188: [INFO][SyncAuthManager::SetLastAuthError] Current auth error: None
2026-05-30 11:58:21.188: [INFO][SyncAuthManager::EdgeLogTokenErrorState] Token error with: None for account type: MSA
2026-05-30 11:58:21.188: [INFO][Sync] Credentials changed for: EdgeSyncKeyDataScope
2026-05-30 11:58:25.476: [INFO][Sync] Try to start sync engine
2026-05-30 11:58:25.476: [INFO][SyncManagerImpl::NudgeForInitialDownload] Initial download nudge for Encryption Keys
2026-05-30 11:58:25.476: [INFO][SyncEngineBackend::LoadAndConnectNigoriController] Load and connect Nigori controller
2026-05-30 11:58:25.476: [INFO][SyncEngineBackend::DoInitialize] Control Types added: Encryption Keys
2026-05-30 11:58:25.476: [INFO][SyncManagerImpl::ConfigureSyncer] Types to download: Encryption Keys with reason: 3
2026-05-30 11:58:25.476: [INFO][SyncEngineBackend::DoUpdateKeyDataCredentials] Update key data credentials
2026-05-30 11:58:25.476: [INFO][SyncSchedulerImpl::DoConfigurationSyncCycleJob] Configure job was blocked
2026-05-30 11:58:25.480: [INFO][SyncAuthManager::SetLastAuthError] Current auth error: None
2026-05-30 11:58:25.480: [INFO][SyncAuthManager::EdgeLogTokenErrorState] Token error with: None for account type: MSA
2026-05-30 11:58:25.480: [INFO][Sync] Credentials changed for: EdgeSyncScopeNew
2026-05-30 11:58:25.480: [INFO][SyncEngineBackend::DoUpdateCredentials] Update credentials
2026-05-30 11:58:25.480: [INFO][SyncSchedulerImpl::DoConfigurationSyncCycleJob] Blocked types:  and types to download: Encryption Keys
2026-05-30 11:58:25.610: [INFO][SyncEngineBackend::DoUpdateKeyDataCredentials] Update key data credentials
2026-05-30 11:58:25.619: [INFO][Sync] Started DataTypeManager configuration, reason: 4
2026-05-30 11:58:25.619: [INFO][Sync] Configuring for: Bookmarks, Preferences, Passwords, Autofill Profiles, Autofill, Extensions, Sessions, Extension settings, History Delete Directives, Device Info, User Consents, Send Tab To Self, Web Apps, History, Saved Tab Group, WebAuthn Credentials, Collection, Edge E Drop, Edge Hub App Usage, Edge Wallet, Edge Workspace, Encryption Keys, reason: 4, current state: 0
2026-05-30 11:58:25.619: [WARN][Sync] Crypto error data types: Passwords, Autofill Profiles, Autofill
2026-05-30 11:58:25.621: [INFO][Sync] Configure, desired: Bookmarks, Preferences, Extensions, Sessions, Extension settings, History Delete Directives, Device Info, User Consents, Send Tab To Self, Web Apps, History, Saved Tab Group, WebAuthn Credentials, Collection, Edge E Drop, Edge Hub App Usage, Edge Wallet, Edge Workspace, Encryption Keys; Allow fail: Passwords, Autofill Profiles, Autofill
2026-05-30 11:58:25.621: [INFO][Sync] Loading: Bookmarks
2026-05-30 11:58:25.621: [INFO][Sync] Loading: Preferences
2026-05-30 11:58:25.621: [INFO][Sync] Loading: Extensions
2026-05-30 11:58:25.621: [INFO][Sync] Loading: Sessions
2026-05-30 11:58:25.621: [INFO][Sync] Loading: Extension settings
2026-05-30 11:58:25.621: [INFO][Sync] Loading: History Delete Directives
2026-05-30 11:58:25.621: [INFO][Sync] Loading: Device Info
2026-05-30 11:58:25.621: [INFO][Sync] Loading: User Consents
2026-05-30 11:58:25.621: [INFO][Sync] Loading: Send Tab To Self
2026-05-30 11:58:25.621: [INFO][Sync] Loading: Web Apps
2026-05-30 11:58:25.621: [INFO][Sync] Loading: History
2026-05-30 11:58:25.621: [INFO][Sync] Loading: Saved Tab Group
2026-05-30 11:58:25.621: [INFO][Sync] Loading: WebAuthn Credentials
2026-05-30 11:58:25.621: [INFO][Sync] Loading: Collection
2026-05-30 11:58:25.621: [INFO][Sync] Loading: Edge E Drop
2026-05-30 11:58:25.621: [INFO][Sync] Loading: Edge Hub App Usage
2026-05-30 11:58:25.621: [INFO][Sync] Loading: Edge Wallet
2026-05-30 11:58:25.621: [INFO][Sync] Loading: Edge Workspace
2026-05-30 11:58:25.627: [INFO][Sync] All data types are ready for configure.
2026-05-30 11:58:26.271: [INFO][Sync] Started DataTypeManager configuration, reason: 5
2026-05-30 11:58:26.271: [INFO][Sync] Configuring for: Bookmarks, Preferences, Passwords, Autofill Profiles, Autofill, Extensions, Sessions, Extension settings, History Delete Directives, Device Info, User Consents, Send Tab To Self, Web Apps, History, Saved Tab Group, WebAuthn Credentials, Collection, Edge E Drop, Edge Hub App Usage, Edge Wallet, Edge Workspace, Encryption Keys, reason: 5, current state: 1
2026-05-30 11:58:26.271: [INFO][SyncEngineBackend::DoStartConfiguration] Start configuration
2026-05-30 11:58:26.271: [INFO][SyncManagerImpl::ConfigureSyncer] Types to download:  with reason: 4
2026-05-30 11:58:26.271: [INFO][SyncEngineBackend::DoFinishConfigureDataTypes] Failed to download types:  and succeeded types: 
2026-05-30 11:58:26.273: [INFO][Sync] ConfigurationDone, failed: , succeeded: , remaining count: 4
2026-05-30 11:58:26.273: [WARN][Sync]     Reconfigure requested while configuration ongoing.
2026-05-30 11:58:26.273: [INFO][Sync] Configuring for: Bookmarks, Preferences, Passwords, Autofill Profiles, Autofill, Extensions, Sessions, Extension settings, History Delete Directives, Device Info, User Consents, Send Tab To Self, Web Apps, History, Saved Tab Group, WebAuthn Credentials, Collection, Edge E Drop, Edge Hub App Usage, Edge Wallet, Edge Workspace, Encryption Keys, reason: 5, current state: 2
2026-05-30 11:58:26.273: [INFO][Sync] Configure, desired: Bookmarks, Preferences, Passwords, Autofill Profiles, Autofill, Extensions, Sessions, Extension settings, History Delete Directives, Device Info, User Consents, Send Tab To Self, Web Apps, History, Saved Tab Group, WebAuthn Credentials, Collection, Edge E Drop, Edge Hub App Usage, Edge Wallet, Edge Workspace, Encryption Keys; Allow fail: 
2026-05-30 11:58:26.273: [INFO][Sync] Loading: Passwords
2026-05-30 11:58:26.273: [INFO][Sync] Loading: Autofill Profiles
2026-05-30 11:58:26.273: [INFO][Sync] Loading: Autofill
2026-05-30 11:58:26.274: [INFO][Sync] All data types are ready for configure.
2026-05-30 11:58:26.274: [INFO][SyncManagerImpl::NudgeForInitialDownload] Initial download nudge for Passwords
2026-05-30 11:58:26.274: [INFO][SyncManagerImpl::ConfigureSyncer] Types to download:  with reason: 5
2026-05-30 11:58:26.274: [INFO][SyncEngineBackend::DoFinishConfigureDataTypes] Failed to download types:  and succeeded types: 
2026-05-30 11:58:26.274: [INFO][Sync] ConfigurationDone, failed: , succeeded: , remaining count: 4
2026-05-30 11:58:26.274: [INFO][Sync] Prepare to configure types: Passwords, Encryption Keys
2026-05-30 11:58:26.274: [INFO][SyncManagerImpl::ConfigureSyncer] Types to download: Passwords, Encryption Keys with reason: 5
2026-05-30 11:58:26.274: [INFO][SyncSchedulerImpl::DoConfigurationSyncCycleJob] Blocked types:  and types to download: Passwords, Encryption Keys
2026-05-30 11:58:26.423: [INFO][SyncEngineBackend::DoFinishConfigureDataTypes] Failed to download types:  and succeeded types: Passwords, Encryption Keys
2026-05-30 11:58:26.426: [INFO][Sync] ConfigurationDone, failed: , succeeded: Passwords, Encryption Keys, remaining count: 3
2026-05-30 11:58:26.426: [INFO][SyncManagerImpl::ConfigureSyncer] Types to download:  with reason: 5
2026-05-30 11:58:26.426: [INFO][SyncEngineBackend::DoFinishConfigureDataTypes] Failed to download types:  and succeeded types: 
2026-05-30 11:58:26.426: [INFO][Sync] ConfigurationDone, failed: , succeeded: , remaining count: 2
2026-05-30 11:58:26.426: [INFO][SyncManagerImpl::ConfigureSyncer] Types to download:  with reason: 5
2026-05-30 11:58:26.426: [INFO][SyncEngineBackend::DoFinishConfigureDataTypes] Failed to download types:  and succeeded types: 
2026-05-30 11:58:26.429: [INFO][Sync] ConfigurationDone, failed: , succeeded: , remaining count: 1
2026-05-30 11:58:26.432: [INFO][SyncManagerImpl::ConfigureSyncer] Types to download:  with reason: 5
2026-05-30 11:58:26.432: [INFO][SyncEngineBackend::DoFinishConfigureDataTypes] Failed to download types:  and succeeded types: 
2026-05-30 11:58:26.432: [INFO][Sync] ConfigurationDone, failed: , succeeded: , remaining count: 0
2026-05-30 11:58:26.434: [INFO][Sync]     Configuration completed, state: 7
2026-05-30 11:58:26.435: [INFO][Sync] Configured DataTypeManager: Ok
2026-05-30 11:58:26.437: [INFO][SyncEngineBackend::DoStartSyncing] Start syncing
2026-05-30 13:50:30.907: [INFO][Sync] Connection status changed to: 2
2026-05-30 13:50:30.907: [INFO][SyncSchedulerImpl::OnSyncNetworkError] Syncer error: HTTP error (401)
2026-05-30 13:50:30.909: [INFO][SyncSchedulerImpl::DoPollSyncCycleJob] Syncer error: HTTP error (401)
2026-05-30 13:50:30.951: [WARN][Sync] NetworkError: HTTP error (401)
2026-05-30 13:50:34.763: [INFO][SyncAuthManager::SetLastAuthError] Current auth error: None
2026-05-30 13:50:34.763: [INFO][SyncAuthManager::EdgeLogTokenErrorState] Token error with: None for account type: MSA
2026-05-30 13:50:34.764: [INFO][Sync] Credentials changed for: EdgeSyncScopeNew
2026-05-30 13:50:34.849: [INFO][SyncAuthManager::SetLastAuthError] Current auth error: None
2026-05-30 13:50:34.849: [INFO][SyncAuthManager::EdgeLogTokenErrorState] Token error with: None for account type: MSA
2026-05-30 13:50:34.849: [INFO][Sync] Credentials changed for: EdgeSyncKeyDataScope
2026-05-30 13:50:34.850: [INFO][SyncEngineBackend::DoUpdateKeyDataCredentials] Update key data credentials
2026-05-30 13:50:34.850: [INFO][SyncEngineBackend::DoUpdateCredentials] Update credentials
2026-05-30 13:50:34.855: [INFO][SyncSchedulerImpl::OnSyncNetworkError] Syncer error: Network error (ERR_NETWORK_IO_SUSPENDED)
2026-05-30 13:50:34.856: [INFO][SyncSchedulerImpl::DoPollSyncCycleJob] Syncer error: Network error (ERR_NETWORK_IO_SUSPENDED)
2026-05-30 13:50:34.870: [WARN][Sync] NetworkError: Network error (ERR_NETWORK_IO_SUSPENDED)
2026-05-30 15:42:30.449: [INFO][Sync] Reset engine, reason: 0
2026-05-30 15:42:30.449: [INFO][Sync] Reset engine with reason: 0
2026-05-30 15:44:16.638: [INFO][Sync] Reset engine, reason: 8
2026-05-30 15:44:16.638: [INFO][Sync] Stopped: Bookmarks
2026-05-30 15:44:16.638: [INFO][Sync] Stopped: Preferences
2026-05-30 15:44:16.638: [INFO][Sync] Stopped: Passwords
2026-05-30 15:44:16.638: [INFO][Sync] Stopped: Autofill Profiles
2026-05-30 15:44:16.638: [INFO][Sync] Stopped: Autofill
2026-05-30 15:44:16.638: [INFO][Sync] Stopped: Extensions
2026-05-30 15:44:16.638: [INFO][Sync] Stopped: Sessions
2026-05-30 15:44:16.638: [INFO][Sync] Stopped: Extension settings
2026-05-30 15:44:16.638: [INFO][Sync] Stopped: History Delete Directives
2026-05-30 15:44:16.638: [INFO][Sync] Stopped: Device Info
2026-05-30 15:44:16.638: [INFO][Sync] Stopped: User Consents
2026-05-30 15:44:16.638: [INFO][Sync] Stopped: Send Tab To Self
2026-05-30 15:44:16.638: [INFO][Sync] Stopped: Web Apps
2026-05-30 15:44:16.638: [INFO][Sync] Stopped: History
2026-05-30 15:44:16.638: [INFO][Sync] Stopped: Saved Tab Group
2026-05-30 15:44:16.638: [INFO][Sync] Stopped: WebAuthn Credentials
2026-05-30 15:44:16.638: [INFO][Sync] Stopped: Collection
2026-05-30 15:44:16.638: [INFO][Sync] Stopped: Edge E Drop
2026-05-30 15:44:16.638: [INFO][Sync] Stopped: Edge Hub App Usage
2026-05-30 15:44:16.638: [INFO][Sync] Stopped: Edge Journey
2026-05-30 15:44:16.638: [INFO][Sync] Stopped: Edge Wallet
2026-05-30 15:44:16.638: [INFO][Sync] Stopped: Edge Workspace
2026-05-30 15:44:16.639: [INFO][Sync] SyncState after authenticated was: NotSignedIn
2026-05-30 15:44:17.230: [INFO][Sync] Reset engine, reason: 8
2026-05-30 15:44:17.230: [INFO][Sync] Stopped: Bookmarks
2026-05-30 15:44:17.230: [INFO][Sync] Stopped: Preferences
2026-05-30 15:44:17.230: [INFO][Sync] Stopped: Passwords
2026-05-30 15:44:17.230: [INFO][Sync] Stopped: Autofill Profiles
2026-05-30 15:44:17.230: [INFO][Sync] Stopped: Autofill
2026-05-30 15:44:17.230: [INFO][Sync] Stopped: Extensions
2026-05-30 15:44:17.230: [INFO][Sync] Stopped: Sessions
2026-05-30 15:44:17.230: [INFO][Sync] Stopped: Extension settings
2026-05-30 15:44:17.230: [INFO][Sync] Stopped: History Delete Directives
2026-05-30 15:44:17.230: [INFO][Sync] Stopped: Device Info
2026-05-30 15:44:17.230: [INFO][Sync] Stopped: User Consents
2026-05-30 15:44:17.230: [INFO][Sync] Stopped: Send Tab To Self
2026-05-30 15:44:17.230: [INFO][Sync] Stopped: Web Apps
2026-05-30 15:44:17.230: [INFO][Sync] Stopped: History
2026-05-30 15:44:17.230: [INFO][Sync] Stopped: Saved Tab Group
2026-05-30 15:44:17.230: [INFO][Sync] Stopped: WebAuthn Credentials
2026-05-30 15:44:17.231: [INFO][Sync] Stopped: Collection
2026-05-30 15:44:17.231: [INFO][Sync] Stopped: Edge E Drop
2026-05-30 15:44:17.231: [INFO][Sync] Stopped: Edge Hub App Usage
2026-05-30 15:44:17.231: [INFO][Sync] Stopped: Edge Journey
2026-05-30 15:44:17.231: [INFO][Sync] Stopped: Edge Wallet
2026-05-30 15:44:17.231: [INFO][Sync] Stopped: Edge Workspace
2026-05-30 15:44:20.838: [INFO][Sync] Try to start sync engine
2026-05-30 15:44:20.841: [INFO][SyncManagerImpl::NudgeForInitialDownload] Initial download nudge for Encryption Keys
2026-05-30 15:44:20.841: [INFO][SyncEngineBackend::LoadAndConnectNigoriController] Load and connect Nigori controller
2026-05-30 15:44:20.841: [INFO][SyncEngineBackend::DoInitialize] Control Types added: Encryption Keys
2026-05-30 15:44:20.841: [INFO][SyncManagerImpl::ConfigureSyncer] Types to download: Encryption Keys with reason: 3
2026-05-30 15:44:20.841: [INFO][SyncSchedulerImpl::DoConfigurationSyncCycleJob] Configure job was blocked
2026-05-30 15:44:20.985: [INFO][SyncAuthManager::SetLastAuthError] Current auth error: None
2026-05-30 15:44:20.985: [INFO][SyncAuthManager::EdgeLogTokenErrorState] Token error with: None for account type: MSA
2026-05-30 15:44:20.985: [INFO][Sync] Credentials changed for: EdgeSyncScopeNew
2026-05-30 15:44:22.138: [INFO][SyncAuthManager::SetLastAuthError] Current auth error: None
2026-05-30 15:44:22.139: [INFO][SyncAuthManager::EdgeLogTokenErrorState] Token error with: None for account type: MSA
2026-05-30 15:44:22.139: [INFO][Sync] Credentials changed for: EdgeSyncKeyDataScope
2026-05-30 15:44:22.139: [INFO][SyncEngineBackend::DoUpdateKeyDataCredentials] Update key data credentials
2026-05-30 15:44:22.139: [INFO][SyncEngineBackend::DoUpdateCredentials] Update credentials
2026-05-30 15:44:22.139: [INFO][SyncSchedulerImpl::DoConfigurationSyncCycleJob] Blocked types:  and types to download: Encryption Keys
2026-05-30 15:44:22.696: [INFO][Sync] Started DataTypeManager configuration, reason: 4
2026-05-30 15:44:22.696: [INFO][Sync] Configuring for: Bookmarks, Preferences, Passwords, Autofill Profiles, Autofill, Extensions, Sessions, Extension settings, History Delete Directives, Device Info, User Consents, Send Tab To Self, Web Apps, History, Saved Tab Group, WebAuthn Credentials, Collection, Edge E Drop, Edge Hub App Usage, Edge Wallet, Edge Workspace, Encryption Keys, reason: 4, current state: 0
2026-05-30 15:44:22.697: [WARN][Sync] Crypto error data types: Passwords, Autofill Profiles, Autofill
2026-05-30 15:44:22.713: [INFO][Sync] Configure, desired: Bookmarks, Preferences, Extensions, Sessions, Extension settings, History Delete Directives, Device Info, User Consents, Send Tab To Self, Web Apps, History, Saved Tab Group, WebAuthn Credentials, Collection, Edge E Drop, Edge Hub App Usage, Edge Wallet, Edge Workspace, Encryption Keys; Allow fail: Passwords, Autofill Profiles, Autofill
2026-05-30 15:44:22.713: [INFO][Sync] Loading: Bookmarks
2026-05-30 15:44:22.713: [INFO][Sync] Loading: Preferences
2026-05-30 15:44:22.713: [INFO][Sync] Loading: Extensions
2026-05-30 15:44:22.713: [INFO][Sync] Loading: Sessions
2026-05-30 15:44:22.713: [INFO][Sync] Loading: Extension settings
2026-05-30 15:44:22.713: [INFO][Sync] Loading: History Delete Directives
2026-05-30 15:44:22.713: [INFO][Sync] Loading: Device Info
2026-05-30 15:44:22.714: [INFO][Sync] Loading: User Consents
2026-05-30 15:44:22.714: [INFO][Sync] Loading: Send Tab To Self
2026-05-30 15:44:22.714: [INFO][Sync] Loading: Web Apps
2026-05-30 15:44:22.714: [INFO][Sync] Loading: History
2026-05-30 15:44:22.714: [INFO][Sync] Loading: Saved Tab Group
2026-05-30 15:44:22.714: [INFO][Sync] Loading: WebAuthn Credentials
2026-05-30 15:44:22.714: [INFO][Sync] Loading: Collection
2026-05-30 15:44:22.714: [INFO][Sync] Loading: Edge E Drop
2026-05-30 15:44:22.714: [INFO][Sync] Loading: Edge Hub App Usage
2026-05-30 15:44:22.714: [INFO][Sync] Loading: Edge Wallet
2026-05-30 15:44:22.714: [INFO][Sync] Loading: Edge Workspace
2026-05-30 15:44:22.782: [INFO][Sync] All data types are ready for configure.
2026-05-30 15:44:24.258: [INFO][Sync] Started DataTypeManager configuration, reason: 5
2026-05-30 15:44:24.258: [INFO][Sync] Configuring for: Bookmarks, Preferences, Passwords, Autofill Profiles, Autofill, Extensions, Sessions, Extension settings, History Delete Directives, Device Info, User Consents, Send Tab To Self, Web Apps, History, Saved Tab Group, WebAuthn Credentials, Collection, Edge E Drop, Edge Hub App Usage, Edge Wallet, Edge Workspace, Encryption Keys, reason: 5, current state: 1
2026-05-30 15:44:24.258: [INFO][SyncEngineBackend::DoStartConfiguration] Start configuration
2026-05-30 15:44:24.258: [INFO][SyncManagerImpl::NudgeForInitialDownload] Initial download nudge for Bookmarks
2026-05-30 15:44:24.258: [INFO][SyncManagerImpl::NudgeForInitialDownload] Initial download nudge for Preferences
2026-05-30 15:44:24.258: [INFO][SyncManagerImpl::NudgeForInitialDownload] Initial download nudge for Extensions
2026-05-30 15:44:24.258: [INFO][SyncManagerImpl::NudgeForInitialDownload] Initial download nudge for Sessions
2026-05-30 15:44:24.258: [INFO][SyncManagerImpl::NudgeForInitialDownload] Initial download nudge for Extension settings
2026-05-30 15:44:24.258: [INFO][SyncManagerImpl::NudgeForInitialDownload] Initial download nudge for History Delete Directives
2026-05-30 15:44:24.258: [INFO][SyncManagerImpl::NudgeForInitialDownload] Initial download nudge for Device Info
2026-05-30 15:44:24.258: [INFO][SyncManagerImpl::NudgeForInitialDownload] Initial download nudge for Send Tab To Self
2026-05-30 15:44:24.258: [INFO][SyncManagerImpl::NudgeForInitialDownload] Initial download nudge for Web Apps
2026-05-30 15:44:24.258: [INFO][SyncManagerImpl::NudgeForInitialDownload] Initial download nudge for History
2026-05-30 15:44:24.258: [INFO][SyncManagerImpl::NudgeForInitialDownload] Initial download nudge for Saved Tab Group
2026-05-30 15:44:24.259: [INFO][SyncManagerImpl::NudgeForInitialDownload] Initial download nudge for WebAuthn Credentials
2026-05-30 15:44:24.259: [INFO][SyncManagerImpl::NudgeForInitialDownload] Initial download nudge for Collection
2026-05-30 15:44:24.259: [INFO][SyncManagerImpl::NudgeForInitialDownload] Initial download nudge for Edge E Drop
2026-05-30 15:44:24.259: [INFO][SyncManagerImpl::NudgeForInitialDownload] Initial download nudge for Edge Hub App Usage
2026-05-30 15:44:24.259: [INFO][SyncManagerImpl::NudgeForInitialDownload] Initial download nudge for Edge Wallet
2026-05-30 15:44:24.259: [INFO][SyncManagerImpl::NudgeForInitialDownload] Initial download nudge for Edge Workspace
2026-05-30 15:44:24.259: [INFO][SyncManagerImpl::ConfigureSyncer] Types to download:  with reason: 4
2026-05-30 15:44:24.259: [INFO][SyncEngineBackend::DoFinishConfigureDataTypes] Failed to download types:  and succeeded types: 
2026-05-30 15:44:24.274: [INFO][Sync] ConfigurationDone, failed: , succeeded: , remaining count: 4
2026-05-30 15:44:24.274: [WARN][Sync]     Reconfigure requested while configuration ongoing.
2026-05-30 15:44:24.274: [INFO][Sync] Configuring for: Bookmarks, Preferences, Passwords, Autofill Profiles, Autofill, Extensions, Sessions, Extension settings, History Delete Directives, Device Info, User Consents, Send Tab To Self, Web Apps, History, Saved Tab Group, WebAuthn Credentials, Collection, Edge E Drop, Edge Hub App Usage, Edge Wallet, Edge Workspace, Encryption Keys, reason: 5, current state: 2
2026-05-30 15:44:24.274: [INFO][Sync] Configure, desired: Bookmarks, Preferences, Passwords, Autofill Profiles, Autofill, Extensions, Sessions, Extension settings, History Delete Directives, Device Info, User Consents, Send Tab To Self, Web Apps, History, Saved Tab Group, WebAuthn Credentials, Collection, Edge E Drop, Edge Hub App Usage, Edge Wallet, Edge Workspace, Encryption Keys; Allow fail: 
2026-05-30 15:44:24.275: [INFO][Sync] Loading: Passwords
2026-05-30 15:44:24.275: [INFO][Sync] Loading: Autofill Profiles
2026-05-30 15:44:24.275: [INFO][Sync] Loading: Autofill
2026-05-30 15:44:24.280: [INFO][Sync] All data types are ready for configure.
2026-05-30 15:44:24.281: [INFO][SyncManagerImpl::NudgeForInitialDownload] Initial download nudge for Passwords
2026-05-30 15:44:24.281: [INFO][SyncManagerImpl::NudgeForInitialDownload] Initial download nudge for Autofill Profiles
2026-05-30 15:44:24.281: [INFO][SyncManagerImpl::NudgeForInitialDownload] Initial download nudge for Autofill
2026-05-30 15:44:24.281: [INFO][SyncManagerImpl::ConfigureSyncer] Types to download:  with reason: 5
2026-05-30 15:44:24.281: [INFO][SyncEngineBackend::DoFinishConfigureDataTypes] Failed to download types:  and succeeded types: 
2026-05-30 15:44:24.282: [INFO][Sync] ConfigurationDone, failed: , succeeded: , remaining count: 4
2026-05-30 15:44:24.282: [INFO][Sync] Prepare to configure types: Preferences, Passwords, Device Info, Send Tab To Self, Edge E Drop, Encryption Keys
2026-05-30 15:44:24.283: [INFO][SyncManagerImpl::ConfigureSyncer] Types to download: Preferences, Passwords, Device Info, Send Tab To Self, Edge E Drop, Encryption Keys with reason: 5
2026-05-30 15:44:24.283: [INFO][SyncSchedulerImpl::DoConfigurationSyncCycleJob] Blocked types:  and types to download: Preferences, Passwords, Device Info, Send Tab To Self, Edge E Drop, Encryption Keys
2026-05-30 15:44:24.474: [INFO][SyncEngineBackend::DoFinishConfigureDataTypes] Failed to download types:  and succeeded types: Preferences, Passwords, Device Info, Send Tab To Self, Edge E Drop, Encryption Keys
2026-05-30 15:44:24.487: [INFO][Sync] ConfigurationDone, failed: , succeeded: Preferences, Passwords, Device Info, Send Tab To Self, Edge E Drop, Encryption Keys, remaining count: 3
2026-05-30 15:44:24.487: [INFO][Sync] Prepare to configure types: Bookmarks, Encryption Keys
2026-05-30 15:44:24.487: [INFO][SyncManagerImpl::ConfigureSyncer] Types to download: Bookmarks, Encryption Keys with reason: 5
2026-05-30 15:44:24.488: [INFO][SyncSchedulerImpl::DoConfigurationSyncCycleJob] Blocked types:  and types to download: Bookmarks, Encryption Keys
2026-05-30 15:44:24.609: [INFO][SyncEngineBackend::DoFinishConfigureDataTypes] Failed to download types:  and succeeded types: Bookmarks, Encryption Keys
2026-05-30 15:44:24.620: [INFO][Sync] ConfigurationDone, failed: , succeeded: Bookmarks, Encryption Keys, remaining count: 2
2026-05-30 15:44:24.620: [INFO][Sync] Prepare to configure types: Autofill Profiles, Autofill, Extensions, Sessions, Extension settings, History Delete Directives, Web Apps, Saved Tab Group, WebAuthn Credentials, Collection, Edge Hub App Usage, Edge Wallet, Edge Workspace, Encryption Keys
2026-05-30 15:44:24.620: [INFO][SyncManagerImpl::ConfigureSyncer] Types to download: Autofill Profiles, Autofill, Extensions, Sessions, Extension settings, History Delete Directives, Web Apps, Saved Tab Group, WebAuthn Credentials, Collection, Edge Hub App Usage, Edge Wallet, Edge Workspace, Encryption Keys with reason: 5
2026-05-30 15:44:24.620: [INFO][SyncSchedulerImpl::DoConfigurationSyncCycleJob] Blocked types:  and types to download: Autofill Profiles, Autofill, Extensions, Sessions, Extension settings, History Delete Directives, Web Apps, Saved Tab Group, WebAuthn Credentials, Collection, Edge Hub App Usage, Edge Wallet, Edge Workspace, Encryption Keys
2026-05-30 15:44:24.869: [INFO][SyncEngineBackend::DoFinishConfigureDataTypes] Failed to download types:  and succeeded types: Autofill Profiles, Autofill, Extensions, Sessions, Extension settings, History Delete Directives, Web Apps, Saved Tab Group, WebAuthn Credentials, Collection, Edge Hub App Usage, Edge Wallet, Edge Workspace, Encryption Keys
2026-05-30 15:44:24.883: [INFO][Sync] ConfigurationDone, failed: , succeeded: Autofill Profiles, Autofill, Extensions, Sessions, Extension settings, History Delete Directives, Web Apps, Saved Tab Group, WebAuthn Credentials, Collection, Edge Hub App Usage, Edge Wallet, Edge Workspace, Encryption Keys, remaining count: 1
2026-05-30 15:44:24.900: [INFO][Sync] Prepare to configure types: History, Encryption Keys
2026-05-30 15:44:24.900: [INFO][SyncManagerImpl::ConfigureSyncer] Types to download: History, Encryption Keys with reason: 5
2026-05-30 15:44:24.900: [INFO][SyncSchedulerImpl::DoConfigurationSyncCycleJob] Blocked types:  and types to download: History, Encryption Keys
2026-05-30 15:44:25.414: [INFO][SyncEngineBackend::DoFinishConfigureDataTypes] Failed to download types:  and succeeded types: History, Encryption Keys
2026-05-30 15:44:25.431: [INFO][Sync] ConfigurationDone, failed: , succeeded: History, Encryption Keys, remaining count: 0
2026-05-30 15:44:25.447: [INFO][Sync]     Configuration completed, state: 7
2026-05-30 15:44:25.448: [INFO][Sync] Configured DataTypeManager: Ok
2026-05-30 15:44:25.466: [INFO][SyncEngineBackend::DoStartSyncing] Start syncing
2026-05-31 01:14:44.481: [INFO][SyncSchedulerImpl::OnSyncNetworkError] Syncer error: HTTP error (401)
2026-05-31 01:14:44.481: [INFO][Sync] Connection status changed to: 2
2026-05-31 01:14:44.482: [INFO][SyncSchedulerImpl::DoPollSyncCycleJob] Syncer error: HTTP error (401)
2026-05-31 01:14:44.490: [WARN][Sync] NetworkError: HTTP error (401)
2026-05-31 01:14:45.986: [INFO][SyncAuthManager::SetLastAuthError] Current auth error: None
2026-05-31 01:14:45.986: [INFO][SyncAuthManager::EdgeLogTokenErrorState] Token error with: None for account type: MSA
2026-05-31 01:14:45.986: [INFO][Sync] Credentials changed for: EdgeSyncKeyDataScope
2026-05-31 01:14:45.986: [INFO][SyncEngineBackend::DoUpdateKeyDataCredentials] Update key data credentials
2026-05-31 01:14:46.252: [INFO][SyncAuthManager::SetLastAuthError] Current auth error: None
2026-05-31 01:14:46.252: [INFO][SyncAuthManager::EdgeLogTokenErrorState] Token error with: None for account type: MSA
2026-05-31 01:14:46.252: [INFO][Sync] Credentials changed for: EdgeSyncScopeNew
2026-05-31 01:14:46.252: [INFO][SyncEngineBackend::DoUpdateCredentials] Update credentials
2026-05-31 01:14:46.252: [INFO][SyncEngineBackend::DoUpdateKeyDataCredentials] Update key data credentials
2026-05-31 01:14:47.963: [INFO][Sync] Reset engine, reason: 0
2026-05-31 01:14:47.963: [INFO][Sync] Reset engine with reason: 0
2026-05-31 06:54:38.511: [INFO][Sync] SyncState after authenticated was: FeatureCanStart
2026-05-31 06:54:40.215: [INFO][SyncAuthManager::SetLastAuthError] Current auth error: None
2026-05-31 06:54:40.215: [INFO][SyncAuthManager::EdgeLogTokenErrorState] Token error with: None for account type: MSA
2026-05-31 06:54:40.216: [INFO][Sync] Credentials changed for: EdgeSyncKeyDataScope
2026-05-31 06:54:48.698: [INFO][Sync] Try to start sync engine
2026-05-31 06:54:48.706: [INFO][SyncAuthManager::SetLastAuthError] Current auth error: None
2026-05-31 06:54:48.706: [INFO][SyncAuthManager::EdgeLogTokenErrorState] Token error with: None for account type: MSA
2026-05-31 06:54:48.706: [INFO][Sync] Credentials changed for: EdgeSyncScopeNew
2026-05-31 06:54:48.737: [INFO][SyncManagerImpl::NudgeForInitialDownload] Initial download nudge for Encryption Keys
2026-05-31 06:54:48.737: [INFO][SyncEngineBackend::LoadAndConnectNigoriController] Load and connect Nigori controller
2026-05-31 06:54:48.737: [INFO][SyncEngineBackend::DoInitialize] Control Types added: Encryption Keys
2026-05-31 06:54:48.737: [INFO][SyncManagerImpl::ConfigureSyncer] Types to download: Encryption Keys with reason: 3
2026-05-31 06:54:48.738: [INFO][SyncEngineBackend::DoUpdateKeyDataCredentials] Update key data credentials
2026-05-31 06:54:48.738: [INFO][SyncEngineBackend::DoUpdateCredentials] Update credentials
2026-05-31 06:54:48.738: [INFO][SyncEngineBackend::DoUpdateKeyDataCredentials] Update key data credentials
2026-05-31 06:54:48.738: [INFO][SyncSchedulerImpl::DoConfigurationSyncCycleJob] Blocked types:  and types to download: Encryption Keys
2026-05-31 06:54:49.341: [INFO][Sync] Started DataTypeManager configuration, reason: 4
2026-05-31 06:54:49.342: [INFO][Sync] Configuring for: Bookmarks, Preferences, Passwords, Autofill Profiles, Autofill, Extensions, Sessions, Extension settings, History Delete Directives, Device Info, User Consents, Send Tab To Self, Web Apps, History, Saved Tab Group, WebAuthn Credentials, Collection, Edge E Drop, Edge Hub App Usage, Edge Wallet, Edge Workspace, Encryption Keys, reason: 4, current state: 0
2026-05-31 06:54:49.342: [WARN][Sync] Crypto error data types: Passwords, Autofill Profiles, Autofill
2026-05-31 06:54:49.348: [INFO][Sync] Configure, desired: Bookmarks, Preferences, Extensions, Sessions, Extension settings, History Delete Directives, Device Info, User Consents, Send Tab To Self, Web Apps, History, Saved Tab Group, WebAuthn Credentials, Collection, Edge E Drop, Edge Hub App Usage, Edge Wallet, Edge Workspace, Encryption Keys; Allow fail: Passwords, Autofill Profiles, Autofill
2026-05-31 06:54:49.348: [INFO][Sync] Loading: Bookmarks
2026-05-31 06:54:49.348: [INFO][Sync] Loading: Preferences
2026-05-31 06:54:49.349: [INFO][Sync] Loading: Extensions
2026-05-31 06:54:49.349: [INFO][Sync] Loading: Sessions
2026-05-31 06:54:49.349: [INFO][Sync] Loading: Extension settings
2026-05-31 06:54:49.349: [INFO][Sync] Loading: History Delete Directives
2026-05-31 06:54:49.349: [INFO][Sync] Loading: Device Info
2026-05-31 06:54:49.349: [INFO][Sync] Loading: User Consents
2026-05-31 06:54:49.349: [INFO][Sync] Loading: Send Tab To Self
2026-05-31 06:54:49.349: [INFO][Sync] Loading: Web Apps
2026-05-31 06:54:49.349: [INFO][Sync] Loading: History
2026-05-31 06:54:49.350: [INFO][Sync] Loading: Saved Tab Group
2026-05-31 06:54:49.350: [INFO][Sync] Loading: WebAuthn Credentials
2026-05-31 06:54:49.350: [INFO][Sync] Loading: Collection
2026-05-31 06:54:49.350: [INFO][Sync] Loading: Edge E Drop
2026-05-31 06:54:49.350: [INFO][Sync] Loading: Edge Hub App Usage
2026-05-31 06:54:49.350: [INFO][Sync] Loading: Edge Wallet
2026-05-31 06:54:49.350: [INFO][Sync] Loading: Edge Workspace
2026-05-31 06:54:49.391: [INFO][Sync] All data types are ready for configure.
2026-05-31 06:54:49.883: [INFO][Sync] Started DataTypeManager configuration, reason: 5
2026-05-31 06:54:49.883: [INFO][Sync] Configuring for: Bookmarks, Preferences, Passwords, Autofill Profiles, Autofill, Extensions, Sessions, Extension settings, History Delete Directives, Device Info, User Consents, Send Tab To Self, Web Apps, History, Saved Tab Group, WebAuthn Credentials, Collection, Edge E Drop, Edge Hub App Usage, Edge Wallet, Edge Workspace, Encryption Keys, reason: 5, current state: 1
2026-05-31 06:54:49.888: [INFO][SyncEngineBackend::DoStartConfiguration] Start configuration
2026-05-31 06:54:49.918: [INFO][SyncManagerImpl::ConfigureSyncer] Types to download:  with reason: 4
2026-05-31 06:54:49.919: [INFO][SyncEngineBackend::DoFinishConfigureDataTypes] Failed to download types:  and succeeded types: 
2026-05-31 06:54:49.919: [INFO][Sync] ConfigurationDone, failed: , succeeded: , remaining count: 4
2026-05-31 06:54:49.919: [WARN][Sync]     Reconfigure requested while configuration ongoing.
2026-05-31 06:54:49.919: [INFO][Sync] Configuring for: Bookmarks, Preferences, Passwords, Autofill Profiles, Autofill, Extensions, Sessions, Extension settings, History Delete Directives, Device Info, User Consents, Send Tab To Self, Web Apps, History, Saved Tab Group, WebAuthn Credentials, Collection, Edge E Drop, Edge Hub App Usage, Edge Wallet, Edge Workspace, Encryption Keys, reason: 5, current state: 2
2026-05-31 06:54:49.919: [INFO][Sync] Configure, desired: Bookmarks, Preferences, Passwords, Autofill Profiles, Autofill, Extensions, Sessions, Extension settings, History Delete Directives, Device Info, User Consents, Send Tab To Self, Web Apps, History, Saved Tab Group, WebAuthn Credentials, Collection, Edge E Drop, Edge Hub App Usage, Edge Wallet, Edge Workspace, Encryption Keys; Allow fail: 
2026-05-31 06:54:49.919: [INFO][Sync] Loading: Passwords
2026-05-31 06:54:49.919: [INFO][Sync] Loading: Autofill Profiles
2026-05-31 06:54:49.919: [INFO][Sync] Loading: Autofill
2026-05-31 06:54:49.919: [INFO][Sync] All data types are ready for configure.
2026-05-31 06:54:49.920: [INFO][SyncManagerImpl::NudgeForInitialDownload] Initial download nudge for Passwords
2026-05-31 06:54:49.920: [INFO][SyncManagerImpl::ConfigureSyncer] Types to download:  with reason: 5
2026-05-31 06:54:49.920: [INFO][SyncEngineBackend::DoFinishConfigureDataTypes] Failed to download types:  and succeeded types: 
2026-05-31 06:54:49.920: [INFO][Sync] ConfigurationDone, failed: , succeeded: , remaining count: 4
2026-05-31 06:54:49.920: [INFO][Sync] Prepare to configure types: Passwords, Encryption Keys
2026-05-31 06:54:49.920: [INFO][SyncManagerImpl::ConfigureSyncer] Types to download: Passwords, Encryption Keys with reason: 5
2026-05-31 06:54:49.920: [INFO][SyncSchedulerImpl::DoConfigurationSyncCycleJob] Blocked types:  and types to download: Passwords, Encryption Keys
2026-05-31 06:54:50.030: [INFO][SyncEngineBackend::DoFinishConfigureDataTypes] Failed to download types:  and succeeded types: Passwords, Encryption Keys
2026-05-31 06:54:50.043: [INFO][Sync] ConfigurationDone, failed: , succeeded: Passwords, Encryption Keys, remaining count: 3
2026-05-31 06:54:50.043: [INFO][SyncManagerImpl::ConfigureSyncer] Types to download:  with reason: 5
2026-05-31 06:54:50.043: [INFO][SyncEngineBackend::DoFinishConfigureDataTypes] Failed to download types:  and succeeded types: 
2026-05-31 06:54:50.044: [INFO][Sync] ConfigurationDone, failed: , succeeded: , remaining count: 2
2026-05-31 06:54:50.044: [INFO][SyncManagerImpl::ConfigureSyncer] Types to download:  with reason: 5
2026-05-31 06:54:50.044: [INFO][SyncEngineBackend::DoFinishConfigureDataTypes] Failed to download types:  and succeeded types: 
2026-05-31 06:54:50.044: [INFO][Sync] ConfigurationDone, failed: , succeeded: , remaining count: 1
2026-05-31 06:54:50.067: [INFO][SyncManagerImpl::ConfigureSyncer] Types to download:  with reason: 5
2026-05-31 06:54:50.067: [INFO][SyncEngineBackend::DoFinishConfigureDataTypes] Failed to download types:  and succeeded types: 
2026-05-31 06:54:50.074: [INFO][Sync] ConfigurationDone, failed: , succeeded: , remaining count: 0
2026-05-31 06:54:50.079: [INFO][Sync]     Configuration completed, state: 7
2026-05-31 06:54:50.080: [INFO][Sync] Configured DataTypeManager: Ok
2026-05-31 06:54:50.091: [INFO][SyncEngineBackend::DoStartSyncing] Start syncing
2026-05-31 07:16:15.029: [INFO][Sync] Reset engine, reason: 0
2026-05-31 07:16:15.029: [INFO][Sync] Reset engine with reason: 0
2026-05-31 07:17:04.449: [INFO][Sync] Reset engine, reason: 8
2026-05-31 07:17:04.449: [INFO][Sync] Stopped: Bookmarks
2026-05-31 07:17:04.449: [INFO][Sync] Stopped: Preferences
2026-05-31 07:17:04.449: [INFO][Sync] Stopped: Passwords
2026-05-31 07:17:04.449: [INFO][Sync] Stopped: Autofill Profiles
2026-05-31 07:17:04.449: [INFO][Sync] Stopped: Autofill
2026-05-31 07:17:04.449: [INFO][Sync] Stopped: Extensions
2026-05-31 07:17:04.449: [INFO][Sync] Stopped: Sessions
2026-05-31 07:17:04.449: [INFO][Sync] Stopped: Extension settings
2026-05-31 07:17:04.449: [INFO][Sync] Stopped: History Delete Directives
2026-05-31 07:17:04.449: [INFO][Sync] Stopped: Device Info
2026-05-31 07:17:04.449: [INFO][Sync] Stopped: User Consents
2026-05-31 07:17:04.449: [INFO][Sync] Stopped: Send Tab To Self
2026-05-31 07:17:04.449: [INFO][Sync] Stopped: Web Apps
2026-05-31 07:17:04.449: [INFO][Sync] Stopped: History
2026-05-31 07:17:04.449: [INFO][Sync] Stopped: Saved Tab Group
2026-05-31 07:17:04.449: [INFO][Sync] Stopped: WebAuthn Credentials
2026-05-31 07:17:04.449: [INFO][Sync] Stopped: Collection
2026-05-31 07:17:04.449: [INFO][Sync] Stopped: Edge E Drop
2026-05-31 07:17:04.449: [INFO][Sync] Stopped: Edge Hub App Usage
2026-05-31 07:17:04.449: [INFO][Sync] Stopped: Edge Journey
2026-05-31 07:17:04.449: [INFO][Sync] Stopped: Edge Wallet
2026-05-31 07:17:04.449: [INFO][Sync] Stopped: Edge Workspace
2026-05-31 07:17:04.449: [INFO][Sync] SyncState after authenticated was: NotSignedIn
2026-05-31 07:17:05.143: [INFO][Sync] Reset engine, reason: 8
2026-05-31 07:17:05.143: [INFO][Sync] Stopped: Bookmarks
2026-05-31 07:17:05.143: [INFO][Sync] Stopped: Preferences
2026-05-31 07:17:05.143: [INFO][Sync] Stopped: Passwords
2026-05-31 07:17:05.143: [INFO][Sync] Stopped: Autofill Profiles
2026-05-31 07:17:05.143: [INFO][Sync] Stopped: Autofill
2026-05-31 07:17:05.143: [INFO][Sync] Stopped: Extensions
2026-05-31 07:17:05.143: [INFO][Sync] Stopped: Sessions
2026-05-31 07:17:05.143: [INFO][Sync] Stopped: Extension settings
2026-05-31 07:17:05.143: [INFO][Sync] Stopped: History Delete Directives
2026-05-31 07:17:05.143: [INFO][Sync] Stopped: Device Info
2026-05-31 07:17:05.143: [INFO][Sync] Stopped: User Consents
2026-05-31 07:17:05.143: [INFO][Sync] Stopped: Send Tab To Self
2026-05-31 07:17:05.143: [INFO][Sync] Stopped: Web Apps
2026-05-31 07:17:05.143: [INFO][Sync] Stopped: History
2026-05-31 07:17:05.143: [INFO][Sync] Stopped: Saved Tab Group
2026-05-31 07:17:05.143: [INFO][Sync] Stopped: WebAuthn Credentials
2026-05-31 07:17:05.143: [INFO][Sync] Stopped: Collection
2026-05-31 07:17:05.143: [INFO][Sync] Stopped: Edge E Drop
2026-05-31 07:17:05.143: [INFO][Sync] Stopped: Edge Hub App Usage
2026-05-31 07:17:05.143: [INFO][Sync] Stopped: Edge Journey
2026-05-31 07:17:05.143: [INFO][Sync] Stopped: Edge Wallet
2026-05-31 07:17:05.143: [INFO][Sync] Stopped: Edge Workspace
2026-05-31 07:17:08.112: [INFO][Sync] Try to start sync engine
2026-05-31 07:17:08.128: [INFO][SyncManagerImpl::NudgeForInitialDownload] Initial download nudge for Encryption Keys
2026-05-31 07:17:08.128: [INFO][SyncEngineBackend::LoadAndConnectNigoriController] Load and connect Nigori controller
2026-05-31 07:17:08.128: [INFO][SyncEngineBackend::DoInitialize] Control Types added: Encryption Keys
2026-05-31 07:17:08.128: [INFO][SyncManagerImpl::ConfigureSyncer] Types to download: Encryption Keys with reason: 3
2026-05-31 07:17:08.129: [INFO][SyncSchedulerImpl::DoConfigurationSyncCycleJob] Configure job was blocked
2026-05-31 07:17:08.198: [INFO][SyncAuthManager::SetLastAuthError] Current auth error: None
2026-05-31 07:17:08.198: [INFO][SyncAuthManager::EdgeLogTokenErrorState] Token error with: None for account type: MSA
2026-05-31 07:17:08.198: [INFO][Sync] Credentials changed for: EdgeSyncScopeNew
2026-05-31 07:17:08.835: [INFO][SyncAuthManager::SetLastAuthError] Current auth error: None
2026-05-31 07:17:08.835: [INFO][SyncAuthManager::EdgeLogTokenErrorState] Token error with: None for account type: MSA
2026-05-31 07:17:08.835: [INFO][Sync] Credentials changed for: EdgeSyncKeyDataScope
2026-05-31 07:17:08.836: [INFO][SyncEngineBackend::DoUpdateKeyDataCredentials] Update key data credentials
2026-05-31 07:17:08.836: [INFO][SyncEngineBackend::DoUpdateCredentials] Update credentials
2026-05-31 07:17:08.836: [INFO][SyncSchedulerImpl::DoConfigurationSyncCycleJob] Blocked types:  and types to download: Encryption Keys
2026-05-31 07:17:09.131: [INFO][Sync] Started DataTypeManager configuration, reason: 4
2026-05-31 07:17:09.132: [INFO][Sync] Configuring for: Bookmarks, Preferences, Passwords, Autofill Profiles, Autofill, Extensions, Sessions, Extension settings, History Delete Directives, Device Info, User Consents, Send Tab To Self, Web Apps, History, Saved Tab Group, WebAuthn Credentials, Collection, Edge E Drop, Edge Hub App Usage, Edge Wallet, Edge Workspace, Encryption Keys, reason: 4, current state: 0
2026-05-31 07:17:09.132: [WARN][Sync] Crypto error data types: Passwords, Autofill Profiles, Autofill
2026-05-31 07:17:09.136: [INFO][Sync] Configure, desired: Bookmarks, Preferences, Extensions, Sessions, Extension settings, History Delete Directives, Device Info, User Consents, Send Tab To Self, Web Apps, History, Saved Tab Group, WebAuthn Credentials, Collection, Edge E Drop, Edge Hub App Usage, Edge Wallet, Edge Workspace, Encryption Keys; Allow fail: Passwords, Autofill Profiles, Autofill
2026-05-31 07:17:09.136: [INFO][Sync] Loading: Bookmarks
2026-05-31 07:17:09.136: [INFO][Sync] Loading: Preferences
2026-05-31 07:17:09.136: [INFO][Sync] Loading: Extensions
2026-05-31 07:17:09.136: [INFO][Sync] Loading: Sessions
2026-05-31 07:17:09.137: [INFO][Sync] Loading: Extension settings
2026-05-31 07:17:09.137: [INFO][Sync] Loading: History Delete Directives
2026-05-31 07:17:09.137: [INFO][Sync] Loading: Device Info
2026-05-31 07:17:09.137: [INFO][Sync] Loading: User Consents
2026-05-31 07:17:09.137: [INFO][Sync] Loading: Send Tab To Self
2026-05-31 07:17:09.137: [INFO][Sync] Loading: Web Apps
2026-05-31 07:17:09.137: [INFO][Sync] Loading: History
2026-05-31 07:17:09.137: [INFO][Sync] Loading: Saved Tab Group
2026-05-31 07:17:09.137: [INFO][Sync] Loading: WebAuthn Credentials
2026-05-31 07:17:09.137: [INFO][Sync] Loading: Collection
2026-05-31 07:17:09.137: [INFO][Sync] Loading: Edge E Drop
2026-05-31 07:17:09.137: [INFO][Sync] Loading: Edge Hub App Usage
2026-05-31 07:17:09.137: [INFO][Sync] Loading: Edge Wallet
2026-05-31 07:17:09.137: [INFO][Sync] Loading: Edge Workspace
2026-05-31 07:17:09.151: [INFO][Sync] All data types are ready for configure.
2026-05-31 07:17:09.695: [INFO][Sync] Started DataTypeManager configuration, reason: 5
2026-05-31 07:17:09.695: [INFO][Sync] Configuring for: Bookmarks, Preferences, Passwords, Autofill Profiles, Autofill, Extensions, Sessions, Extension settings, History Delete Directives, Device Info, User Consents, Send Tab To Self, Web Apps, History, Saved Tab Group, WebAuthn Credentials, Collection, Edge E Drop, Edge Hub App Usage, Edge Wallet, Edge Workspace, Encryption Keys, reason: 5, current state: 1
2026-05-31 07:17:09.698: [INFO][SyncEngineBackend::DoStartConfiguration] Start configuration
2026-05-31 07:17:09.698: [INFO][SyncManagerImpl::NudgeForInitialDownload] Initial download nudge for Bookmarks
2026-05-31 07:17:09.698: [INFO][SyncManagerImpl::NudgeForInitialDownload] Initial download nudge for Preferences
2026-05-31 07:17:09.698: [INFO][SyncManagerImpl::NudgeForInitialDownload] Initial download nudge for Extensions
2026-05-31 07:17:09.698: [INFO][SyncManagerImpl::NudgeForInitialDownload] Initial download nudge for Sessions
2026-05-31 07:17:09.698: [INFO][SyncManagerImpl::NudgeForInitialDownload] Initial download nudge for Extension settings
2026-05-31 07:17:09.698: [INFO][SyncManagerImpl::NudgeForInitialDownload] Initial download nudge for History Delete Directives
2026-05-31 07:17:09.698: [INFO][SyncManagerImpl::NudgeForInitialDownload] Initial download nudge for Device Info
2026-05-31 07:17:09.698: [INFO][SyncManagerImpl::NudgeForInitialDownload] Initial download nudge for Send Tab To Self
2026-05-31 07:17:09.698: [INFO][SyncManagerImpl::NudgeForInitialDownload] Initial download nudge for Web Apps
2026-05-31 07:17:09.698: [INFO][SyncManagerImpl::NudgeForInitialDownload] Initial download nudge for History
2026-05-31 07:17:09.698: [INFO][SyncManagerImpl::NudgeForInitialDownload] Initial download nudge for Saved Tab Group
2026-05-31 07:17:09.698: [INFO][SyncManagerImpl::NudgeForInitialDownload] Initial download nudge for WebAuthn Credentials
2026-05-31 07:17:09.698: [INFO][SyncManagerImpl::NudgeForInitialDownload] Initial download nudge for Collection
2026-05-31 07:17:09.698: [INFO][SyncManagerImpl::NudgeForInitialDownload] Initial download nudge for Edge E Drop
2026-05-31 07:17:09.698: [INFO][SyncManagerImpl::NudgeForInitialDownload] Initial download nudge for Edge Hub App Usage
2026-05-31 07:17:09.698: [INFO][SyncManagerImpl::NudgeForInitialDownload] Initial download nudge for Edge Wallet
2026-05-31 07:17:09.698: [INFO][SyncManagerImpl::NudgeForInitialDownload] Initial download nudge for Edge Workspace
2026-05-31 07:17:09.698: [INFO][SyncManagerImpl::ConfigureSyncer] Types to download:  with reason: 4
2026-05-31 07:17:09.698: [INFO][SyncEngineBackend::DoFinishConfigureDataTypes] Failed to download types:  and succeeded types: 
2026-05-31 07:17:09.703: [INFO][Sync] ConfigurationDone, failed: , succeeded: , remaining count: 4
2026-05-31 07:17:09.703: [WARN][Sync]     Reconfigure requested while configuration ongoing.
2026-05-31 07:17:09.703: [INFO][Sync] Configuring for: Bookmarks, Preferences, Passwords, Autofill Profiles, Autofill, Extensions, Sessions, Extension settings, History Delete Directives, Device Info, User Consents, Send Tab To Self, Web Apps, History, Saved Tab Group, WebAuthn Credentials, Collection, Edge E Drop, Edge Hub App Usage, Edge Wallet, Edge Workspace, Encryption Keys, reason: 5, current state: 2
2026-05-31 07:17:09.703: [INFO][Sync] Configure, desired: Bookmarks, Preferences, Passwords, Autofill Profiles, Autofill, Extensions, Sessions, Extension settings, History Delete Directives, Device Info, User Consents, Send Tab To Self, Web Apps, History, Saved Tab Group, WebAuthn Credentials, Collection, Edge E Drop, Edge Hub App Usage, Edge Wallet, Edge Workspace, Encryption Keys; Allow fail: 
2026-05-31 07:17:09.703: [INFO][Sync] Loading: Passwords
2026-05-31 07:17:09.703: [INFO][Sync] Loading: Autofill Profiles
2026-05-31 07:17:09.703: [INFO][Sync] Loading: Autofill
2026-05-31 07:17:09.704: [INFO][Sync] All data types are ready for configure.
2026-05-31 07:17:09.704: [INFO][SyncManagerImpl::NudgeForInitialDownload] Initial download nudge for Passwords
2026-05-31 07:17:09.704: [INFO][SyncManagerImpl::NudgeForInitialDownload] Initial download nudge for Autofill Profiles
2026-05-31 07:17:09.704: [INFO][SyncManagerImpl::NudgeForInitialDownload] Initial download nudge for Autofill
2026-05-31 07:17:09.704: [INFO][SyncManagerImpl::ConfigureSyncer] Types to download:  with reason: 5
2026-05-31 07:17:09.704: [INFO][SyncEngineBackend::DoFinishConfigureDataTypes] Failed to download types:  and succeeded types: 
2026-05-31 07:17:09.704: [INFO][Sync] ConfigurationDone, failed: , succeeded: , remaining count: 4
2026-05-31 07:17:09.704: [INFO][Sync] Prepare to configure types: Preferences, Passwords, Device Info, Send Tab To Self, Edge E Drop, Encryption Keys
2026-05-31 07:17:09.705: [INFO][SyncManagerImpl::ConfigureSyncer] Types to download: Preferences, Passwords, Device Info, Send Tab To Self, Edge E Drop, Encryption Keys with reason: 5
2026-05-31 07:17:09.705: [INFO][SyncSchedulerImpl::DoConfigurationSyncCycleJob] Blocked types:  and types to download: Preferences, Passwords, Device Info, Send Tab To Self, Edge E Drop, Encryption Keys
2026-05-31 07:17:09.870: [INFO][SyncEngineBackend::DoFinishConfigureDataTypes] Failed to download types:  and succeeded types: Preferences, Passwords, Device Info, Send Tab To Self, Edge E Drop, Encryption Keys
2026-05-31 07:17:09.873: [INFO][Sync] ConfigurationDone, failed: , succeeded: Preferences, Passwords, Device Info, Send Tab To Self, Edge E Drop, Encryption Keys, remaining count: 3
2026-05-31 07:17:09.873: [INFO][Sync] Prepare to configure types: Bookmarks, Encryption Keys
2026-05-31 07:17:09.873: [INFO][SyncManagerImpl::ConfigureSyncer] Types to download: Bookmarks, Encryption Keys with reason: 5
2026-05-31 07:17:09.873: [INFO][SyncSchedulerImpl::DoConfigurationSyncCycleJob] Blocked types:  and types to download: Bookmarks, Encryption Keys
2026-05-31 07:17:09.981: [INFO][SyncEngineBackend::DoFinishConfigureDataTypes] Failed to download types:  and succeeded types: Bookmarks, Encryption Keys
2026-05-31 07:17:09.985: [INFO][Sync] ConfigurationDone, failed: , succeeded: Bookmarks, Encryption Keys, remaining count: 2
2026-05-31 07:17:09.985: [INFO][Sync] Prepare to configure types: Autofill Profiles, Autofill, Extensions, Sessions, Extension settings, History Delete Directives, Web Apps, Saved Tab Group, WebAuthn Credentials, Collection, Edge Hub App Usage, Edge Wallet, Edge Workspace, Encryption Keys
2026-05-31 07:17:09.985: [INFO][SyncManagerImpl::ConfigureSyncer] Types to download: Autofill Profiles, Autofill, Extensions, Sessions, Extension settings, History Delete Directives, Web Apps, Saved Tab Group, WebAuthn Credentials, Collection, Edge Hub App Usage, Edge Wallet, Edge Workspace, Encryption Keys with reason: 5
2026-05-31 07:17:09.985: [INFO][SyncSchedulerImpl::DoConfigurationSyncCycleJob] Blocked types:  and types to download: Autofill Profiles, Autofill, Extensions, Sessions, Extension settings, History Delete Directives, Web Apps, Saved Tab Group, WebAuthn Credentials, Collection, Edge Hub App Usage, Edge Wallet, Edge Workspace, Encryption Keys
2026-05-31 07:17:10.162: [INFO][SyncEngineBackend::DoFinishConfigureDataTypes] Failed to download types:  and succeeded types: Autofill Profiles, Autofill, Extensions, Sessions, Extension settings, History Delete Directives, Web Apps, Saved Tab Group, WebAuthn Credentials, Collection, Edge Hub App Usage, Edge Wallet, Edge Workspace, Encryption Keys
2026-05-31 07:17:10.165: [INFO][Sync] ConfigurationDone, failed: , succeeded: Autofill Profiles, Autofill, Extensions, Sessions, Extension settings, History Delete Directives, Web Apps, Saved Tab Group, WebAuthn Credentials, Collection, Edge Hub App Usage, Edge Wallet, Edge Workspace, Encryption Keys, remaining count: 1
2026-05-31 07:17:10.168: [INFO][Sync] Prepare to configure types: History, Encryption Keys
2026-05-31 07:17:10.168: [INFO][SyncManagerImpl::ConfigureSyncer] Types to download: History, Encryption Keys with reason: 5
2026-05-31 07:17:10.168: [INFO][SyncSchedulerImpl::DoConfigurationSyncCycleJob] Blocked types:  and types to download: History, Encryption Keys
2026-05-31 07:17:10.591: [INFO][SyncEngineBackend::DoFinishConfigureDataTypes] Failed to download types:  and succeeded types: History, Encryption Keys
2026-05-31 07:17:10.597: [INFO][Sync] ConfigurationDone, failed: , succeeded: History, Encryption Keys, remaining count: 0
2026-05-31 07:17:10.602: [INFO][Sync]     Configuration completed, state: 7
2026-05-31 07:17:10.603: [INFO][Sync] Configured DataTypeManager: Ok
2026-05-31 07:17:10.608: [INFO][SyncEngineBackend::DoStartSyncing] Start syncing
2026-05-31 07:19:37.474: [INFO][Sync] Reset engine, reason: 0
2026-05-31 07:19:37.474: [INFO][Sync] Reset engine with reason: 0
